lemma,category
a,FO
abbagliante,AD
abbaiare,AD
abbandonare,FO
abbandonato,AU
abbandono,AU
abbassare,FO
abbasso,AD
abbastanza,FO
abbattere,AU
abbeverare,AD
abbigliamento,AU
abbinare,AU
abbonamento,AU
abbonare,AD
abbondante,AU
abbondare,AD
abbottonare,AD
abbracciare,FO
abbraccio,AU
abbreviare,AD
abbronzare,AD
abete,AD
abile,AU
abilità,AU
abisso,AU
abitante,AU
abitare,FO
abitazione,AU
abito,FO
abituale,AU
abituare,FO
abitudine,FO
abolire,AU
abortire,AD
aborto,AD
abruzzese,AD
abusare,AD
abuso,AU
acca,AD
accademia,AU
accademico,AU
accadere,FO
accampamento,AD
accanto,FO
accappatoio,AD
accarezzare,AU
accattone,AD
accavallare,AD
accecare,AD
accedere,AU
accelerare,AU
acceleratore,AD
accelerazione,AU
accendere,FO
accendino,AD
accennare,AU
accenno,AD
accentare,AD
accento,AU
accertamento,AU
accertare,AU
acceso,AU
accesso,FO
accessorio,AU
accetta,AD
accettabile,AU
accettare,FO
acchiappare,AD
acciacco,AD
acciaio,AU
accidente,AU
acciuga,AD
accogliente,AD
accoglienza,AU
accogliere,FO
accoltellare,AD
accomodare,AU
accompagnare,FO
acconsentire,AD
accontentare,AU
accorciare,AD
accordare,AU
accordo,FO
accorgersi,FO
accorrere,AD
accostare,AU
accudire,AD
accumulare,AU
accumulatore,AD
accurato,AU
accusa,FO
accusare,FO
acerbo,AD
aceto,AD
acido,AU
acqua,FO
acquarello,AD
acquario,AD
acquasanta,AD
acquisire,AU
acquisizione,AU
acquistare,FO
acquisto,FO
acquolina,AD
acrobata,AD
acuto,AU
adattare,AU
adattatore,AD
adatto,FO
addetto,AU
addio,AU
addirittura,FO
addizione,AD
addobbare,AD
addolcire,AD
addomesticare,AD
addormentarsi,AU
addormentato,AD
addossare,FO
addosso,AD
addrizzare,AD
adeguare,AU
adeguato,AU
aderente,AD
aderire,AU
adesione,AU
adesso,FO
adolescente,FO
adolescenza,AU
adoperare,AU
adorare,FO
adottare,FO
adozione,AU
adriatico,AD
adulto,FO
aereo,FO
aeroplano,AD
aeroporto,AU
afa,AD
affacciare,AU
affamare,AD
affamato,AD
affannarsi,AD
affannato,AD
affanno,AD
affare,FO
affascinante,AU
affascinare,AU
affaticare,AD
affatto,FO
affermare,FO
affermazione,AU
afferrare,AU
affettare,AD
affettato,AD
affetto,AU
affettuoso,AU
affezionato,AD
affiancare,AU
affidamento,AU
affidare,FO
affilato,AD
affinché,AU
affittare,AU
affitto,AU
affogare,AD
affollare,AD
affondare,AU
affresco,AU
affrontare,FO
affumicare,AD
africano,AU
agenda,AU
agente,FO
agenzia,FO
agganciare,AU
aggettivo,AU
aggiornamento,AU
aggiornare,AU
aggirare,AU
aggiungere,FO
aggiustare,AU
aggrapparsi,AU
aggravare,AD
aggredire,AU
aggressione,AU
aggressivo,AU
agiato,AD
agile,AD
agio,AU
agire,FO
agitare,AU
agitazione,AU
aglio,AD
agnello,AU
ago,AU
agonia,AD
agosto,FO
agricolo,AU
agricoltore,AD
agricoltura,AU
agrume,AD
aguzzare,AD
aguzzo,AD
aiuola,AD
aiutare,FO
aiuto,FO
ala,FO
alba,FO
albanese,AU
albergo,FO
albero,FO
albicocca,AD
album,FO
alcol,AU
alcuno,FO
alfabeto,AD
alga,AD
algerino,AD
alieno,AU
alimentare,AU
alimentari,AD
alimentazione,AU
alimento,AU
alito,AD
allacciare,AD
allagare,AD
allargare,AU
allarmare,AD
allarme,AU
allattare,AD
alleanza,AU
allearsi,AD
alleato,AU
allegato,AU
alleggerire,AD
allegria,AU
allegro,AU
allenamento,AU
allenare,AU
allenatore,AU
allentare,AD
allergia,AD
allevare,AU
allievo,AU
allineare,AD
alloggio,AU
allontanare,FO
allora,FO
alluce,AD
alludere,AU
alluminio,AD
allungare,FO
alluvione,AD
almeno,FO
alquanto,AU
altalena,AD
altamente,AU
altare,AU
alterare,AU
alternare,AU
alternativa,AU
alternativo,AU
alterno,AD
altezza,FO
alto,FO
altoatesino,AD
altopiano,AD
altrettanto,FO
altrimenti,FO
altro,FO
altrove,AU
altrui,AU
alunno,AU
alveare,AD
alzare,FO
amante,FO
amare,FO
amaro,AU
amato,AU
ambasciata,AD
ambientale,FO
ambientare,AU
ambiente,FO
ambito,FO
ambizione,AU
ambulanza,AU
americano,FO
amicizia,FO
amico,FO
ammaccare,AD
ammalarsi,AU
ammalato,AD
ammanettare,AD
ammassare,AD
ammasso,AD
ammazzare,FO
ammettere,FO
amministrativo,AU
amministratore,AU
amministrazione,FO
ammirare,AU
ammissione,AU
ammobiliare,AD
ammoniaca,AD
ammorbidente,AD
ammucchiare,AD
ammuffire,AD
amore,FO
amoroso,AU
ampiamente,AU
ampio,FO
amplificatore,AD
analcolico,AD
analfabeta,AD
analisi,FO
analitico,AU
analizzare,FO
analogo,AU
ananas,AD
anarchico,AD
anatra,AD
anche,FO
anconetano,AD
ancora,FO
ancorare,AU
andamento,AU
andare,FO
andata,AD
anello,FO
angelo,FO
angolare,AU
angolo,FO
angoscia,AU
anima,FO
animale,FO
animare,FO
animato,AU
animo,AU
annacquare,AD
annaffiare,AD
annebbiare,AD
anniversario,AU
anno,FO
annodare,AD
annoiare,AU
annotare,AU
annuale,AU
annuire,AU
annullare,AU
annunciare,FO
annuncio,AU
annusare,AD
anonimo,AU
ansia,FO
ansioso,AU
antartico,AD
antenna,AU
anteprima,AU
anteriore,AU
anticalcare,AD
antichità,AD
anticipare,AU
anticipo,AU
antico,AU
antipasto,AD
antirughe,AD
antropologia,AU
anulare,AD
anzi,AU
anziano,AU
anziché,AU
aostano,AD
ape,AU
aperitivo,AD
aperto,FO
apertura,FO
apostolo,AD
appalto,AU
appannare,AD
apparato,AU
apparecchiare,AD
apparecchiatura,AD
apparecchio,AU
apparente,AU
apparentemente,AU
apparenza,AU
apparire,FO
apparizione,AU
appartamento,FO
appartenenza,AU
appartenere,FO
appassionare,AU
appassionarsi,AD
appassionato,AU
appello,AU
appena,FO
appendere,AU
appendicite,AD
appenninico,AD
appeso,AD
appiccicare,AD
appiglio,AD
applauso,AU
applicare,FO
applicazione,AU
appoggiare,FO
appoggio,AU
apposito,AU
apposta,AU
apprendere,AU
apprendimento,AU
apprendista,AD
apprezzare,FO
approccio,AU
approfittare,AU
approfondimento,AU
approfondire,AU
approvare,AU
approvazione,AU
appuntamento,FO
appuntire,AD
appunto,FO
aprile,FO
aprire,FO
apriscatole,AD
aquila,AD
aquilano,AD
aquilone,AD
arabo,FO
arachide,AD
aragosta,AD
aranciata,AD
arancio,AD
arare,AD
aratro,AD
arbitro,AU
archeologo,AD
architettare,AU
architetto,AU
architettonico,AU
architettura,AU
archiviare,AU
archivio,AU
arco,FO
arcobaleno,AD
area,FO
argentino,AU
argento,AU
argomentare,AU
argomentazione,AU
argomento,FO
aria,FO
aristocratico,AD
aritmetica,AD
aritmetico,AD
arma,FO
armadio,AU
armamento,AD
armare,AU
armato,AU
armonia,AU
aroma,AD
arrabbiarsi,FO
arrampicarsi,AU
arredamento,AU
arredare,AD
arrendersi,AU
arrestare,FO
arresto,AU
arricchire,AU
arrivare,FO
arrivederci,AU
arrivo,FO
arrosto,AD
arrugginire,AD
arte,FO
arteria,AU
artico,AD
articolare,AU
articolazione,AU
articolo,FO
artificiale,AU
artigianale,AD
artigiano,AU
artiglieria,AD
artiglio,AD
artista,FO
artistico,FO
ascella,AD
ascensore,AU
ascesa,AU
ascesso,AD
ascia,AD
asciugamano,AU
asciugare,AU
asciutto,AU
ascoltare,FO
ascolto,AU
asfaltare,AD
asfalto,AD
asiatico,AU
asilo,AU
asino,AU
asma,AD
asparago,AD
aspettare,FO
aspettativa,AU
aspetto,FO
aspirapolvere,AD
aspirare,AU
aspirazione,AU
aspro,AU
assaggiare,AU
assaggio,AD
assai,FO
assalire,AD
assaltare,AD
assalto,AU
assaporare,AD
assassinare,AU
assassinio,AD
assassino,AU
asse,AU
assediare,AD
assegnare,AU
assegno,AU
assemblea,AU
assente,AU
assenza,FO
assicurare,FO
assicurazione,AU
assieme,FO
assistente,AU
assistenza,AU
assistere,FO
associare,AU
associazione,FO
assolutamente,FO
assoluto,FO
assoluzione,AD
assolvere,AU
assomigliare,AU
assorbente,AD
assorbire,AU
assordare,AD
assumere,FO
assunzione,AU
assurdo,FO
asta,AU
astemio,AD
astratto,AU
astronave,AD
astuccio,AD
astuto,AD
astuzia,AD
ateniese,AD
ateo,AU
atlantico,AD
atleta,AU
atmosfera,FO
atomica,AD
atomico,AU
atomo,AU
atrio,AD
atroce,AU
attaccante,AD
attaccapanni,AD
attaccare,FO
attacco,FO
atteggiamento,FO
atteggiare,AD
attendere,FO
attenere,AU
attentamente,AU
attentare,AD
attentato,AU
attento,FO
attenzione,FO
atterraggio,AD
atterrare,AU
attesa,FO
attestare,AU
attimo,FO
attingere,AU
attirare,AU
attivare,AU
attività,FO
attivo,FO
atto,FO
attore,FO
attorno,FO
attrarre,AU
attraversare,FO
attraverso,FO
attrazione,AU
attrezzare,AU
attrezzatura,AU
attrezzo,AU
attribuire,AU
attrice,AU
attuale,FO
attualità,AU
attualmente,AU
attuare,AU
augurare,AU
augurio,AU
aula,AU
aumentare,FO
aumento,FO
australiano,AD
austriaco,AU
autentico,AU
autista,AU
auto,FO
autoambulanza,AD
autobotte,AD
autobus,AU
autografo,AD
automaticamente,AU
automatico,AU
automobile,AU
automobilista,AD
autonomia,AU
autonomo,AU
autore,FO
autorevole,AD
autorità,FO
autorizzare,FO
autoscontro,AD
autoscuola,AD
autostop,AD
autostrada,AU
autotreno,AD
autunno,AU
avambraccio,AD
avanguardia,AU
avanti,FO
avanzare,FO
avanzato,AU
avanzo,AD
avarizia,AD
avaro,AD
avena,AD
avere,FO
aviazione,AD
avvantaggiare,AD
avvelenare,AU
avvelenato,AD
avvenimento,AU
avvenire,FO
avventura,FO
avverare,AD
avversario,AU
avvertire,FO
avviamento,AD
avviare,FO
avvicinare,FO
avvio,AU
avvisare,AU
avviso,AU
avvitare,AD
avvocato,FO
avvolgere,AU
azienda,FO
aziendale,AU
azione,FO
azzardare,AU
azzardo,AD
azzurro,FO
babbo,AU
baby,AU
babydoll,AD
bacca,AD
baccalà,AD
bacheca,AU
baciare,FO
bacinella,AD
bacino,AU
bacio,FO
baco,AD
badare,AU
baffo,AU
bagagliaio,AD
bagaglio,AU
bagnare,AU
bagnato,AU
bagno,FO
bagnoschiuma,AD
balcone,AU
balena,AU
balia,AU
ballare,FO
ballerina,AD
ballerino,AD
balletto,AD
ballo,AU
balsamo,AD
bambina,FO
bambinaia,AD
bambino,FO
bambola,AU
banale,AU
banana,AD
banca,FO
bancarella,AD
bancario,AU
banco,AU
bancone,AU
band,AU
banda,AU
bandiera,AU
bando,AU
bar,FO
bara,AU
baracca,AD
barba,AU
barbabietola,AD
barbaro,AU
barca,FO
barella,AD
barese,AD
barile,AD
barista,AD
barriera,AU
basare,FO
base,FO
basetta,AD
basilica,AU
basilico,AD
basket,AD
basso,FO
bastardo,AU
bastare,FO
bastonare,AD
bastone,AU
battaglia,FO
battello,AD
battere,FO
batteria,AU
batterio,AU
batticuore,AD
battipanni,AD
battito,AD
battuta,FO
batuffolo,AD
baule,AD
bava,AD
bavaglio,AD
beato,AU
beccare,AU
befana,AD
beffa,AD
beh,FO
belare,AD
belga,AD
bella,AU
bellezza,FO
bello,FO
benché,AU
benda,AD
bene,FO
benedetto,AU
beneficenza,AD
beneficio,AU
benessere,AU
benestante,AD
bensì,AU
benvenuto,AU
benzina,AU
benzinaio,AD
bere,FO
berlinese,AD
berretto,AD
bersaglio,AU
besciamella,AD
bestemmia,AD
bestia,AU
bestiale,AD
bevanda,AU
bevitore,AD
bevuta,AD
bi,AD
bianco,FO
bibbia,AU
bibita,AD
biblico,AU
bibliografia,AU
biblioteca,AU
bicchiere,FO
bici,AU
bicicletta,AU
bidello,AD
bidè,AD
biglia,AD
biglietteria,AD
biglietto,FO
bikini,AD
bilancia,AU
bilancio,AU
biliardo,AD
bimba,AU
bimbo,AU
binario,AD
biografia,AU
biologia,AU
biologico,AU
bionda,AU
biondo,AU
birichino,AD
birillo,AD
birra,AU
bisbigliare,AD
biscia,AD
biscotto,AU
bisnonno,AD
bisognare,FO
bisogno,FO
bistecca,AD
bistecchiera,AD
bisticciare,AD
bit,AU
bizzarro,AU
bloccare,FO
blocco,AU
blog,FO
blu,FO
bocca,FO
bocchino,AD
boccia,AD
bocciare,AU
bocciatura,AD
bocciolo,AD
boccone,AD
boh,AU
boia,AD
bolla,AU
bolletta,AU
bollito,AD
bollitore,AD
bollo,AD
bolognese,AD
bolzanino,AD
bomba,AU
bombardare,AU
bombola,AD
bomboniera,AD
bontà,AU
bordo,FO
borgata,AD
borghese,AU
borghesia,AD
borgo,AU
borotalco,AD
borsa,FO
borsetta,AD
bosco,FO
bosniaco,AD
boss,AU
bossolo,AD
botanica,AD
botta,AU
botte,AD
bottega,AU
bottegaio,AD
bottiglia,FO
botto,AD
bottone,AU
bovino,AD
box,AU
boxer,AD
braccialetto,AD
bracciante,AD
braccio,FO
branco,AU
brand,AU
brandello,AD
brano,FO
brasiliano,AU
bravo,FO
bresaola,AD
bretella,AD
breve,FO
briciola,AD
brigantaggio,AD
brigante,AD
brillante,AU
brillantina,AD
brillare,AU
brina,AD
brioche,AD
britannico,AU
brivido,AU
brocca,AD
brogliaccio,AU
bronchite,AD
brontolare,AD
bronzo,AU
bruciare,FO
bruciato,AU
bruciatura,AD
bruco,AD
bruschetta,AD
brutale,AD
brutto,FO
buca,AU
bucare,AU
bucato,AD
buccia,AD
buco,FO
budino,AD
bufala,AD
bufalo,AD
bufera,AD
buffet,AD
buffo,AU
bugia,AU
bugiardo,AU
buio,FO
bulgaro,AD
buonafede,AD
buonasera,AU
buongiorno,FO
buongusto,AD
buono,FO
buonuomo,AD
burattino,AD
burocrazia,AD
burrasca,AD
burro,AU
burrone,AD
business,AU
bussare,AU
bussola,AD
busta,AU
bustina,AD
busto,AD
buttare,FO
cabina,AU
cacao,AD
cacca,AU
caccia,FO
cacciare,FO
cacciatore,AU
cacciavite,AD
cadavere,FO
cadere,FO
caduta,AU
caffellatte,AD
caffettiera,AD
caffè,FO
cagare,AU
cagliaritano,AD
calabrese,AD
calabrone,AD
calamaro,AD
calamita,AD
calare,AU
calcagno,AD
calciare,AD
calciatore,AU
calcinaccio,AD
calcio,FO
calcolare,AU
calcolatore,AD
calcolatrice,AD
calcolo,AU
caldo,FO
calendario,AU
calligrafia,AD
callo,AD
calma,AU
calmare,AU
calmo,AU
calo,AU
calore,FO
calpestare,AD
calunnia,AD
calvario,AD
calza,AU
calzare,AD
calzatura,AD
calzino,AD
calzolaio,AD
calzoleria,AD
calzone,AD
cambiamento,FO
cambiare,FO
cambio,FO
camera,FO
camerata,AD
cameriere,AU
camicetta,AD
camicia,AU
caminetto,AD
camion,FO
camionista,AD
cammello,AD
camminare,FO
camminata,AD
cammino,AU
camomilla,AD
camorra,AU
campagna,FO
campana,AU
campanella,AD
campanello,AU
campanile,AD
campano,AD
campare,AU
campeggio,AD
campionato,AU
campione,FO
campo,FO
campobassano,AD
camposanto,AD
canadese,AD
canaglia,AD
canale,FO
canapa,AD
canarino,AD
cancellare,FO
cancellatura,AD
cancello,AU
cancro,AU
candela,AU
candeliere,AD
candidare,AU
candidato,FO
candido,AU
cane,FO
canestro,AD
canguro,AD
canna,AU
cannibale,AD
cannuccia,AD
canone,AU
canottiera,AD
canotto,AD
cantante,AU
cantare,FO
cantautore,AD
cantiere,AU
cantilena,AD
cantina,AU
canto,FO
canzone,FO
caos,AU
capace,FO
capacità,FO
capanna,AU
capannone,AU
caparra,AD
capello,FO
capire,FO
capitale,FO
capitano,FO
capitare,FO
capitolo,FO
capo,FO
capodanno,AD
capogiro,AD
capolavoro,AU
capoluogo,AD
caporale,AU
caposquadra,AD
capotavola,AD
capoufficio,AD
cappa,AD
cappella,AU
cappelliera,AD
cappello,AU
cappero,AD
cappotto,AD
cappuccino,AD
cappuccio,AD
capra,AU
capriccio,AU
capriola,AD
carabiniere,FO
caramella,AU
carattere,FO
caratteristica,FO
caratteristico,AU
caratterizzare,FO
carbone,AU
carburante,AD
carcassa,AD
carcerato,AD
carcere,FO
carciofino,AD
carciofo,AD
cardellino,AD
cardiaco,AU
cardigan,AD
cardinale,AU
carenza,AU
carica,FO
caricare,FO
carico,FO
carino,FO
carità,AU
carnagione,AD
carne,FO
carnevale,AD
carnivoro,AD
carnoso,AD
caro,FO
carosello,AD
carovana,AD
carriera,FO
carro,AU
carrozzeria,AD
carta,FO
cartaceo,AU
cartella,AU
cartello,AU
cartoleria,AD
cartolina,AU
cartone,AU
cartuccia,AD
casa,FO
casalinga,AD
casalingo,AD
cascare,AU
cascata,AD
casco,AD
caserma,AU
casetta,AU
casino,FO
caso,FO
cassa,FO
cassaforte,AD
cassapanca,AD
casseruola,AD
cassetta,AU
cassettiera,AD
cassetto,AU
cassiera,AD
castagna,AD
castagno,AD
castano,AD
castello,FO
castoro,AD
casuale,AU
catalogo,AU
catanzarese,AD
catarro,AD
catasta,AD
catastrofe,AU
catechismo,AD
categoria,FO
catena,FO
catenaccio,AD
catino,AD
catrame,AD
cattedrale,AU
cattivo,FO
cattolico,FO
catturare,AU
causa,FO
causare,FO
cavalcare,AU
cavaliere,FO
cavalletta,AD
cavallo,FO
cavare,AU
cavatappi,AD
caverna,AD
caviglia,AU
cavità,AU
cavo,AU
cavolo,AU
cazzata,AU
cazzo,FO
ce,FO
cece,AD
ceco,AD
cecoslovacco,AD
cedere,FO
celare,AU
celebrare,AU
celebre,AU
celeste,AU
cella,AU
cellula,FO
cellulare,FO
cemento,AU
cena,FO
cenare,AU
cenere,AU
cenno,AU
centesimo,AU
centimetro,AU
centinaio,FO
cento,FO
centrale,FO
centralino,AD
centrare,AU
centro,FO
centroamericano,AD
ceramica,AU
cercare,FO
cerchio,AU
cereale,AD
cerebrale,AU
cerimonia,AU
cerino,AD
cerniera,AD
cerotto,AD
certamente,FO
certezza,FO
certificare,AU
certificato,AU
certo,FO
cervello,FO
cervo,AD
cespuglio,AU
cessare,AU
cesso,AU
cestino,AD
cesto,AD
cetriolo,AD
chat,AU
che,FO
chewingum,AD
chi,FO
chiacchiera,AU
chiacchierare,AU
chiamare,FO
chiamata,AU
chiaramente,FO
chiarezza,AU
chiarire,FO
chiaro,FO
chiasso,AD
chiave,FO
chiazza,AD
chiedere,FO
chiesa,FO
chilo,AU
chilogrammo,AD
chilometro,FO
chimico,FO
china,AD
chinare,AU
chinotto,AD
chiodo,AU
chiosco,AU
chirurgia,AU
chirurgico,AU
chirurgo,AU
chissà,FO
chitarra,AU
chiudere,FO
chiunque,FO
chiuso,FO
chiusura,AU
ci,FO
ciabatta,AD
ciambella,AD
ciao,FO
ciascuno,FO
cibare,AD
cibo,FO
cicatrice,AU
ciclismo,AU
ciclista,AD
ciclo,AU
cicogna,AD
cicoria,AD
cieco,AU
cielo,FO
cifra,FO
ciglio,AU
cigno,AD
cileno,AD
ciliegia,AD
ciliegio,AD
cilindro,AD
cima,AD
cimice,AD
ciminiera,AD
cimitero,AU
cinema,FO
cinematografico,AU
cinese,FO
cinghia,AD
cinghiale,AD
cinguettare,AD
cinguettio,AD
cinico,AD
cinquanta,FO
cinque,FO
cinquecento,AU
cintura,AU
cinturino,AD
ciocca,AD
cioccolatino,AD
cioccolato,AU
ciotola,AD
cioè,FO
cipolla,AU
cipresso,AD
cipriota,AD
circa,FO
circo,AU
circolare,AU
circolazione,AU
circolo,AU
circondare,FO
circostanza,FO
circuito,AU
citare,FO
citato,AU
citazione,AU
citofono,AD
cittadina,AU
cittadinanza,AU
cittadino,FO
città,FO
ciuffo,AD
civile,FO
civiltà,AU
ciò,FO
clacson,AD
clan,AU
clandestino,AU
classe,FO
classico,FO
classifica,AU
classificare,AU
clero,AD
cliccare,AU
cliente,FO
clima,AU
clinica,AU
clinico,AU
clistere,AD
cloro,AD
club,AU
cobra,AD
cocaina,AU
coccinella,AD
coccio,AD
cocciuto,AD
cocco,AD
coccodrillo,AD
coccola,AD
coccolare,AD
cocomero,AD
coda,FO
codice,FO
coerente,AU
cofano,AD
cogliere,FO
coglione,FO
cognato,AU
cognome,AU
coincidenza,AU
coincidere,AU
coinvolgere,FO
coinvolgimento,AU
colare,AU
colata,AD
colazione,AU
colera,AD
colica,AD
colino,AU
colla,AU
collaborare,AU
collaboratore,AU
collaborazione,AU
collana,AU
collant,AU
collare,AU
collasso,AD
collaterale,AU
colle,AD
collega,FO
collegamento,AU
collegare,FO
collegio,AU
collera,AD
colletta,AD
collettivo,AU
collezione,AU
collina,AU
collo,FO
collocare,AU
colloquio,AU
colluttorio,AD
colmo,AD
colomba,AU
colombo,AD
colonna,FO
colonnello,AU
colorante,AD
colorare,AU
colorato,AU
colore,FO
coloro,FO
colosso,AD
colpa,FO
colpevole,AU
colpire,FO
colpo,FO
coltellata,AD
coltello,FO
coltivare,AU
coltivazione,AD
colto,AU
colui,AU
coma,AU
comandamento,AU
comandante,AU
comandare,AU
comando,AU
combaciare,AD
combattente,AD
combattere,FO
combattimento,AU
combinare,AU
combinazione,AU
come,FO
cometa,AD
comfort,AD
comico,AU
cominciare,FO
comitato,AU
comma,AU
commedia,AU
commentare,FO
commento,FO
commerciale,FO
commerciante,AU
commercio,AU
commettere,FO
commissariato,AU
commissario,FO
commissione,FO
community,AU
commuovere,AU
comodino,AD
comodità,AD
comodo,FO
compagnia,FO
compagno,FO
comparire,FO
comparsa,AU
compassione,AD
compasso,AD
compatibile,AU
compatriota,AD
compatto,AU
compensare,AU
compenso,AU
competente,AU
competenza,AU
competere,AU
competizione,AU
compiangere,AD
compiere,FO
compilare,AU
compito,FO
compleanno,AU
complessivo,AU
complesso,FO
completamente,FO
completare,AU
completo,FO
complicare,AU
complicato,AU
complice,AU
complimento,AU
complotto,AD
componente,AU
comporre,FO
comportamento,FO
comportare,FO
composizione,AU
composto,AU
comprare,FO
comprendere,FO
comprensibile,AU
comprensione,AU
comprensivo,AD
compreso,FO
compromesso,AU
compromettere,AU
computer,FO
comunale,AU
comune,FO
comunicare,FO
comunicazione,FO
comunione,AU
comunismo,AU
comunista,FO
comunità,FO
comunque,FO
con,FO
conca,AD
concedere,AU
concentrare,FO
concentrazione,AU
concepire,AU
concerto,FO
concessione,AU
concesso,AU
concetto,FO
concezione,AU
conchiglia,AD
concime,AD
concludere,FO
conclusione,FO
concordare,AU
concorrente,AU
concorrenza,AU
concorrere,AU
concorso,AU
concreto,FO
condanna,AU
condannare,FO
condimento,AD
condividere,FO
condizionare,AU
condizione,FO
condoglianza,AD
condominio,AU
condotta,AU
condurre,FO
conduttore,AU
conduttura,AD
conferenza,AU
conferire,AU
conferma,AU
confermare,FO
confessare,AU
confessione,AU
confessore,AD
confetto,AD
confettura,AD
confezione,AU
conficcare,AD
confidare,AU
confidenza,AU
confine,FO
conflitto,AU
confondere,FO
confortare,AD
confrontare,AU
confronto,FO
confusione,AU
confuso,AU
congedo,AD
congelare,AU
congelatore,AD
congestione,AD
congiura,AD
congresso,AU
coniglio,AU
coniugato,AD
coniuge,AU
connessione,AU
connettere,AU
cono,AU
conoscenza,FO
conoscere,FO
conosciuto,AU
conquista,AU
conquistare,FO
consapevole,AU
consapevolezza,AU
consegna,AU
consegnare,FO
conseguente,AU
conseguenza,FO
conseguire,AU
consenso,AU
consentire,FO
conservare,FO
conservazione,AU
considerare,FO
considerazione,FO
consigliare,FO
consigliere,AU
consiglio,FO
consistente,AU
consistenza,AU
consistere,AU
consolare,AU
consonante,AD
consorzio,AU
constatare,AU
consueto,AU
consulente,AU
consulenza,AU
consultare,AU
consumare,FO
consumatore,AU
consumazione,AD
consumo,AU
contachilometri,AD
contadino,AU
contagiare,AD
contagio,AD
contagioso,AD
contagocce,AD
contaminare,AU
contante,AU
contare,FO
contatore,AD
contattare,AU
contatto,FO
conte,AU
contemplare,AU
contemporaneamente,AU
contemporaneo,FO
contenere,FO
contenitore,AU
contentare,AU
contentezza,AD
contento,FO
contenuto,FO
contestare,AU
contestazione,AU
contesto,FO
continente,AU
continuamente,AU
continuare,FO
continuazione,AU
continuità,AU
continuo,FO
conto,FO
contorno,AU
contrabbandiere,AD
contrabbando,AD
contraccambiare,AD
contraddizione,AU
contrario,FO
contrarre,AU
contrastare,AU
contrasto,AU
contratto,FO
contribuire,AU
contributo,AU
contro,FO
controllare,FO
controllo,FO
controllore,AD
convegno,AU
conveniente,AU
convenire,AU
convenzione,AU
conversazione,FO
conversione,AU
convertire,AU
convincente,AU
convincere,FO
convinto,AU
convinzione,AU
convivenza,AU
convivere,AU
convocare,AU
convulsione,AD
coordinamento,AU
coordinare,AU
coperchio,AD
coperta,AU
copertina,AU
coperto,AU
copertura,AU
copia,FO
copiare,AU
copione,AU
coppa,AU
coppia,FO
copricostume,AD
copriletto,AD
coprire,FO
copyright,AU
coraggio,FO
coraggioso,AU
corallo,AD
corazza,AD
corazzata,AD
corazziere,AD
corda,FO
coriandolo,AD
coricare,AD
cornacchia,AD
cornetto,AD
cornice,AU
corno,AU
cornuto,AD
coro,AU
corona,AU
corpo,FO
corporatura,AD
correggere,FO
corrente,FO
correre,FO
correttamente,AU
corretto,AU
correzione,AD
corridoio,AU
corridore,AD
corriera,AD
corriere,FO
corrispondente,AU
corrispondenza,AU
corrispondere,FO
corruzione,AU
corsa,FO
corsia,AD
corso,FO
corte,FO
corteccia,AD
corteggiare,AD
cortesia,AU
cortile,AU
corto,FO
corvo,AD
cosa,FO
coscia,AU
cosciente,AD
coscienza,FO
cosiddetto,FO
costa,FO
costante,AU
costantemente,AU
costare,FO
costellazione,AU
costituire,FO
costituzionale,AU
costituzione,AU
costo,FO
costoso,AU
costringere,FO
costruire,FO
costruttivo,AU
costruzione,FO
costume,FO
così,FO
cotoletta,AD
cotone,AU
cottura,AD
covare,AD
covo,AD
cozza,AD
cracker,AD
cranio,AU
cravatta,AU
creare,FO
creatività,AU
creativo,AU
creatura,AU
creazione,AU
credente,AU
credenza,AD
credere,FO
credibile,AU
credito,FO
creditore,AU
credo,AD
crema,AU
crepaccio,AD
crescente,AU
crescere,FO
crescita,FO
cretino,AU
criceto,AD
criminale,AU
crimine,AU
criniera,AD
crisantemo,AD
crisi,FO
cristallo,AU
cristianesimo,AU
cristiano,FO
criterio,AU
critica,FO
criticare,AU
critico,FO
croato,AD
croce,AU
crocifiggere,AD
crocifisso,AD
crollare,AU
cronaca,AU
cronico,AU
cronista,AD
crostaceo,AD
crostino,AD
crudele,AU
crudo,AU
crêpe,AD
cu,AD
cubo,AU
cucchiaio,AU
cuccia,AD
cucciolo,AU
cucina,FO
cucinare,FO
cucire,AU
cucito,AD
cucitura,AD
cuffia,AU
cugino,AU
cui,FO
cullare,AD
culo,FO
culto,AU
cultura,FO
culturale,FO
cumulo,AD
cuocere,AU
cuoco,AU
cuore,FO
cupo,AU
cura,FO
curare,FO
curiosare,AU
curiosità,AU
curioso,FO
curriculum,AU
curva,AU
curvo,AU
cuscino,AU
custode,AU
custodia,AU
custodire,AU
da,FO
dado,AD
danese,AD
dannato,AU
danneggiare,AU
danno,FO
dannoso,AD
danza,AU
dappertutto,AU
dare,FO
data,FO
dato,FO
dattero,AD
davanti,FO
davanzale,AD
davvero,FO
dea,AU
debito,FO
debole,FO
debolezza,AU
decennio,AU
decidere,FO
decina,FO
decisamente,AU
decisione,FO
decisivo,AU
deciso,AU
decorare,AU
decorato,AD
decorazione,AU
decoroso,AD
decreto,AU
dedica,AD
dedicare,FO
dedurre,AU
deficiente,AU
definire,FO
definitivamente,AU
definitivo,FO
definizione,FO
deformare,AD
deforme,AD
defunto,AU
degno,AU
degradare,AU
delegare,AU
delegato,AU
delegazione,AD
delfino,AD
delicatezza,AD
delicato,AU
delinquente,AD
delirare,AD
delirio,AU
delitto,AU
delizia,AD
delizioso,AU
deludere,AU
delusione,AU
deluso,AU
democratico,AU
democrazia,FO
democristiano,AD
demoralizzare,AD
denaro,FO
denominare,AU
denso,AU
dente,FO
dentiera,AD
dentifricio,AD
dentista,AU
dentro,FO
denuncia,AU
denunciare,FO
deodorante,AD
depilazione,AD
deporre,AU
depositare,AU
deposito,AU
deposizione,AU
depressione,AU
deprimere,AU
depuratore,AD
deputato,AU
derivare,FO
derubare,AD
descrivere,FO
descrizione,FO
deserto,AU
desiderare,FO
desiderio,FO
design,AU
dessert,AD
destinare,FO
destinazione,AU
destino,FO
destra,FO
destro,FO
detective,AU
detenere,AU
detenuto,AD
determinare,FO
determinato,FO
determinazione,AU
detersivo,AD
dettagliato,AU
dettaglio,FO
dettare,AU
dettato,AD
devastare,AU
deviare,AD
deviazione,AD
di,FO
diagnosi,AU
dialetto,FO
dialogare,AU
dialogo,FO
diamante,FO
diametro,AU
diario,AU
diavolo,FO
dibattito,AU
dicembre,FO
dichiarare,FO
dichiarazione,FO
diciotto,AU
dieci,FO
diecimila,AU
dieta,AU
dietetico,AD
dietro,FO
difendere,FO
difensore,AU
difesa,FO
difetto,AU
differente,FO
differenza,FO
difficile,FO
difficilmente,AU
difficoltà,FO
diffidente,AD
diffidenza,AD
diffondere,FO
diffusione,AU
diffuso,AU
diga,AD
digestione,AD
digestivo,AD
digitale,AU
digiunare,AD
dignità,AU
diluvio,AD
dimagrante,AD
dimensione,FO
dimenticare,FO
dimettere,AU
dimezzare,AD
diminuire,AU
dimostrare,FO
dimostrazione,AU
dinamica,AU
dinamico,AU
dinosauro,AD
dintorno,AU
dio,FO
dipartimento,AU
dipendente,FO
dipendenza,AU
dipendere,FO
dipingere,AU
dipinto,AU
diploma,AU
diplomatico,AU
dire,FO
diretta,AU
direttamente,FO
diretto,FO
direttore,FO
direttrice,AD
direzione,FO
dirigente,AU
dirigere,FO
diritto,FO
disagio,AU
disastro,AU
disattento,AD
discarica,AU
discendere,AU
discepolo,AU
discesa,AU
disciplina,AU
disco,FO
discordia,AD
discorso,FO
discoteca,AU
discreto,AU
discussione,FO
discusso,AU
discutere,FO
disegnare,FO
disegno,FO
diseredare,AD
disgrazia,AU
disinfettante,AD
disinfettare,AD
disinteresse,AD
disoccupazione,AU
disonesto,AD
disordinato,AD
disordine,AU
dispari,AD
dispensa,AD
disperare,AU
disperato,AU
disperazione,AU
disperdere,AU
dispetto,AU
dispettoso,AD
dispiacere,FO
disponibile,FO
disponibilità,AU
disporre,FO
dispositivo,AU
disposizione,FO
disprezzo,AU
dissenso,AD
distacco,AU
distante,AU
distanza,FO
distendere,AU
disteso,AD
distinguere,FO
distintivo,AD
distinto,AU
distinzione,AU
distrarre,AU
distratto,AD
distrazione,AD
distretto,AU
distribuire,FO
distributore,AU
distribuzione,AU
distruggere,FO
distrutto,AD
distruzione,AU
disturbare,AU
disturbo,AU
disubbidiente,AD
disubbidienza,AD
disubbidire,AD
dito,FO
ditta,AU
dittatura,AU
divano,FO
divano-letto,AD
divenire,FO
diventare,FO
diversamente,AU
diversità,AU
diverso,FO
divertente,FO
divertimento,AU
divertire,FO
divertito,AU
dividere,FO
divieto,AU
divinità,AU
divino,AU
divisa,AU
divisione,AU
divorare,AU
divorziare,AD
divorzio,AU
dizionario,AU
do,AD
doccia,AU
docciaschiuma,AD
docente,AU
docile,AD
documentare,AU
documentario,AU
documentazione,AU
documento,FO
dodici,FO
dogana,AD
dolce,FO
dolcezza,AU
dolcificante,AD
dolciume,AD
dolere,AD
dolersi,AD
dollaro,FO
dolore,FO
doloroso,AU
domanda,FO
domandare,FO
domani,FO
domenica,FO
domestica,AD
domestico,AU
dominante,AU
dominare,AU
dominio,AU
don,FO
donare,AU
dondolare,AD
donna,FO
dono,AU
dopo,FO
dopobarba,AD
doppio,FO
doppione,AD
dorato,AU
dormiglione,AD
dormire,FO
dorso,AU
dose,AU
dotare,AU
dotato,AU
dote,AU
dottore,FO
dottoressa,AU
dottrina,AU
dove,FO
dovere,FO
dovuto,AU
dozzina,AU
drago,AU
dramma,AU
drammatico,AU
dritto,AU
drizzare,AD
droga,FO
drogare,AU
drogato,AD
dubbio,FO
dubitare,AU
dublinese,AD
due,FO
duecento,AU
duello,AU
duemila,AU
dunque,FO
duomo,AD
durante,FO
durare,FO
durata,FO
duro,FO
e,FO
e-mail,FO
ebbene,AU
ebraico,AU
ebreo,FO
eccellente,AU
eccellenza,AU
eccessivo,AU
eccesso,AU
eccetera,AU
eccezionale,AU
eccezione,AU
eccitare,AU
ecco,FO
eco,AU
ecologico,AU
economia,FO
economico,FO
economista,AU
edicola,FO
edificio,FO
editore,FO
editoriale,AU
edizione,FO
educare,AU
educativo,AU
educato,AD
educazione,FO
effe,AD
effettivamente,FO
effettivo,AU
effetto,FO
effettuare,FO
efficace,AU
efficacia,AU
efficiente,AU
efficienza,AU
egiziano,AD
egli,FO
elaborare,AU
elaborazione,AU
elastico,AU
elegante,FO
eleganza,AU
eleggere,AU
elementare,FO
elemento,FO
elemosina,AD
elencare,AU
elenco,FO
elettorale,AU
elettore,AU
elettricista,AD
elettricità,AD
elettrico,FO
elettrodomestico,AD
elettromagnetico,AU
elettrone,AU
elettronico,FO
elevare,AU
elevato,AU
elezione,AU
elica,AD
elicottero,AD
eliminare,FO
eliminazione,AU
elle,AD
elmo,AD
emanare,AU
emergenza,AU
emergere,FO
emettere,AU
emigrazione,AD
emiliano,AD
emissione,AU
emme,AD
emmenthal,AD
emo,AU
emotivo,AU
emozionante,AD
emozionare,AU
emozionato,AD
emozione,FO
enciclopedia,AD
energetico,AU
energia,FO
enne,AD
ennesimo,AU
enorme,FO
ente,FO
entità,AU
entrambi,FO
entrare,FO
entrata,FO
entro,FO
entusiasmo,AU
entusiasta,AU
epifania,AD
episodio,FO
epoca,FO
eppure,FO
equazione,AU
equilibrio,FO
equino,AD
equipaggio,AD
equivalere,AU
equivoco,AU
era,FO
erba,AU
erede,AU
ereditare,AU
eredità,AU
ergastolo,AD
ergere,AU
ernia,AD
eroe,FO
eroina,AD
erotico,AU
errare,AU
erre,AD
errore,FO
esagerare,AU
esagerato,AU
esagerazione,AD
esagono,AD
esaltare,AU
esaltazione,AD
esame,FO
esaminare,AU
esattamente,FO
esatto,FO
esaurire,AU
esca,AD
eschimese,AD
esclamare,AU
esclamazione,AD
escludere,FO
esclusione,AU
esclusivamente,AU
esclusivo,AU
escluso,AU
esecutivo,AU
esecuzione,AU
eseguire,FO
esempio,FO
esemplare,AU
esercitare,AU
esercito,FO
esercizio,FO
esibire,AU
esigenza,FO
esigere,AU
esilio,AD
esistente,AU
esistenza,FO
esistere,FO
esitare,AU
esito,AU
esordio,AU
espansione,AU
espellere,AU
esperienza,FO
esperimento,AU
esperto,FO
esplicito,AU
esplodere,AU
esplorare,AU
esplosione,AU
esplosivo,AU
esponente,AU
esporre,FO
esposizione,AU
espressione,FO
espresso,AD
esprimere,FO
essa,FO
esse,AU
essenza,AU
essenziale,AU
essenzialmente,AU
essere,FO
essi,FO
esso,FO
est,AU
estate,FO
estendere,AU
estensione,AU
esterno,FO
estero,FO
estetico,AU
estivo,AU
estone,AD
estraneo,AU
estrarre,AU
estratto,AU
estrazione,AU
estremamente,AU
estremità,AU
estremo,FO
eterno,AU
etica,AU
etichetta,AU
etico,AU
ettaro,AD
etto,AD
età,FO
euro,FO
europeo,FO
evadere,AD
evaporare,AD
evasione,AU
evento,FO
eventuale,FO
eventualmente,AU
evidente,FO
evidentemente,FO
evidenza,AU
evidenziare,AU
evidenziatore,AD
evitare,FO
evocare,AU
evoluzione,AU
ex,FO
extra,AU
fa,FO
fabbrica,FO
fabbricare,AU
fabbro,AD
faccenda,AU
faccia,FO
facciata,AU
facile,FO
facilitare,AU
facilitazione,AD
facilità,AU
facilmente,FO
facoltà,AU
fagiano,AD
falco,AD
falegname,AD
fallimento,AU
fallire,AU
fallito,AU
falso,FO
fama,AU
fame,FO
famiglia,FO
familiare,FO
famoso,FO
fan,AU
fanale,AD
fanciulla,AU
fanciullo,AD
fango,AU
fangoso,AD
fantascienza,AU
fantasia,FO
fantasma,AU
fantastico,FO
fanteria,AD
fantino,AD
fantoccio,AD
fare,FO
farfalla,AU
farina,AU
farmacia,AU
farmaco,AU
faro,AD
fascia,FO
fasciatoio,AD
fascicolo,AU
fascino,AU
fascio,AU
fascismo,AU
fascista,AU
fase,FO
fastidio,FO
fastidioso,AU
fata,AU
fatica,FO
faticare,AU
faticoso,AU
fatto,FO
fattore,FO
fattoria,AU
fattura,AU
fatturato,AU
fauna,AD
fava,AD
favola,AU
favoloso,AU
favore,FO
favorevole,AU
favorire,AU
fax,AU
fazzoletto,AU
febbraio,FO
febbre,AU
fecondare,AD
fede,FO
fedele,AU
fedeltà,AU
federa,AD
federale,AU
fegato,AU
felice,FO
felicità,AU
felino,AD
felpa,AD
femmina,FO
femminile,FO
fenomeno,FO
feria,AU
feriale,AD
ferie,AD
ferire,AU
ferita,FO
ferito,AU
fermaglio,AD
fermare,FO
fermo,FO
feroce,AU
ferragosto,AD
ferramenta,AD
ferro,FO
ferrovia,AU
ferroviario,AU
ferroviere,AD
fertilizzante,AD
fessura,AD
festa,FO
festeggiare,FO
festival,AU
festivo,AD
fetta,AU
fiaba,AU
fiala,AD
fiamma,AU
fiammifero,AD
fianco,FO
fiatare,AD
fiato,AU
fibbia,AD
fibra,AU
ficcare,AU
fiction,AU
fidanzamento,AD
fidanzarsi,AU
fidanzata,AU
fidanzato,AU
fidarsi,FO
fiducia,FO
fiducioso,AD
fieno,AD
fiera,AU
fiero,AU
figlia,FO
figliastro,AD
figlio,FO
figura,FO
figurare,FO
figurina,AD
fila,FO
filante,AD
filare,AU
filastrocca,AD
file,FO
filetto,AD
film,FO
filmato,AU
filo,FO
filosofia,FO
filosofico,AU
filosofo,AU
filtrare,AU
filtro,AU
finale,FO
finalità,AU
finalmente,FO
finanza,AU
finanziamento,AU
finanziare,AU
finanziario,FO
finanziatore,AD
finché,FO
fine,FO
finestra,FO
finestrino,AU
fingere,FO
finimondo,AD
finire,FO
finito,AU
finlandese,AD
fino,FO
finocchio,AD
finora,AU
finta,AU
finto,FO
fiocco,AD
fionda,AD
fioraio,AD
fiore,FO
fiorentino,AU
fiorito,AD
firma,FO
firmare,FO
fiscale,AU
fisicamente,AU
fisico,FO
fissare,FO
fisso,FO
fitto,AU
fiume,FO
fiuto,AD
flash,AU
flauto,AD
flessibile,AU
flora,AD
fluido,AU
fluoro,AD
flusso,AU
foca,AD
focaccia,AD
fodera,AD
foderare,AD
foglia,AU
foglio,FO
fogna,AD
folla,AU
folle,AU
follia,AU
fondamentale,FO
fondamentalmente,AU
fondamento,AU
fondare,FO
fondatore,AU
fondazione,AU
fondere,AU
fondo,FO
fontana,AU
fontanella,AD
fonte,FO
forare,AU
forbice,AD
forchetta,AD
forcina,AD
foresta,AU
forestale,AD
forfora,AD
forma,FO
formaggino,AD
formaggio,AU
formale,AU
formare,FO
formato,AU
formazione,FO
formula,FO
formulare,AU
fornace,AD
fornaio,AD
fornello,AU
fornire,FO
fornitore,AU
forno,AU
foro,AU
forse,FO
forte,FO
fortemente,AU
fortuna,FO
fortunatamente,AU
fortunato,AU
forum,AU
forza,FO
forzare,AU
fosforescente,AD
fossa,AU
fossetta,AD
fosso,AD
foto,FO
fotografare,AU
fotografia,FO
fotografico,AU
fotografo,AU
fottere,AU
foulard,AD
fra,FO
fracasso,AD
fragile,AU
frammento,AU
francamente,AU
francese,FO
francobollo,AD
frangia,AD
frase,FO
fratello,FO
frazione,AU
freccia,AU
freddezza,AD
freddo,FO
fregare,FO
frenare,AU
frenetico,AU
freno,AU
frequentare,FO
frequente,AU
frequenza,AU
fresco,FO
fretta,FO
frigo,AU
frigorifero,AU
fringuello,AD
frittata,AD
fritto,AD
friulano,AD
fronte,FO
frontiera,AU
frugare,AU
frumento,AD
fruscio,AD
frusta,AD
frutta,AU
fruttivendolo,AD
frutto,FO
fucile,AU
fuga,FO
fuggire,FO
fulmine,AU
fumare,FO
fumetto,AU
fumo,FO
fune,AD
funerale,AU
fungo,AU
funzionale,AU
funzionamento,AU
funzionare,FO
funzionario,AU
funzione,FO
fuoco,FO
fuori,FO
furbo,AU
furfante,AD
furgone,AU
furia,AU
furioso,AU
furto,AU
fusione,AU
fuso,AU
futuro,FO
gabbia,AU
galassia,AU
galeotto,AD
galera,AU
galleggiare,AD
galleria,AU
gallese,AD
galletta,AD
gallina,AU
gallo,AD
gamba,FO
gambero,AD
gambo,AD
ganascia,AD
gancio,AD
gara,FO
garage,AU
garantire,FO
garanzia,AU
garbo,AD
gargarismo,AD
garofano,AD
garza,AD
gas,FO
gasolio,AD
gassosa,AD
gastronomia,AD
gatto,FO
gavetta,AD
gay,AU
gazza,AD
gelateria,AD
gelatina,AD
gelato,AU
gelido,AU
gelo,AD
gelosia,AU
geloso,AU
gelsomino,AD
gemello,AU
gemma,AD
gene,AU
generale,FO
generalmente,AU
generare,FO
generazione,FO
genere,FO
generico,AU
generosità,AD
generoso,AU
genetico,AU
gengiva,AD
geniale,AU
genio,AU
genitore,FO
gennaio,FO
genovese,AD
gente,FO
gentile,FO
genuino,AD
geografico,AU
geografo,AD
geometra,AD
geometria,AD
geometrico,AD
gesso,AU
gestione,FO
gestire,FO
gesto,FO
gestore,AU
gettare,FO
gettone,AD
ghiaccio,AU
ghiacciolo,AD
ghianda,AD
ghiro,AD
gi,AD
giacca,FO
giacere,AU
giaguaro,AD
giallo,FO
giapponese,FO
giardinaggio,AD
giardiniera,AD
giardino,FO
gigante,AU
gigantesco,AU
giglio,AU
ginnastica,AU
ginocchio,FO
giocare,FO
giocatore,FO
giocattolo,AU
gioco,FO
gioia,FO
gioiello,AU
gioioso,AD
giordano,AD
giornale,FO
giornalino,AD
giornalista,FO
giornata,FO
giorno,FO
giostra,AD
giovane,FO
giovanile,AU
giovedì,AU
gioventù,AU
giovinezza,AU
giraffa,AD
girare,FO
giravite,AD
giretto,AD
giro,FO
gironzolare,AD
girotondo,AD
gita,AU
giubba,AD
giubbotto,AD
giudicare,FO
giudice,FO
giudiziario,AU
giudizio,FO
giugno,FO
giungere,FO
giungla,AD
giuramento,AU
giurare,FO
giuria,AD
giuridico,AU
giustamente,AU
giustificare,AU
giustizia,FO
giusto,FO
già,FO
giù,FO
gli,FO
glicine,AD
global,AU
globale,AU
gloria,AU
gnocco,AD
gnomo,AD
goal,AU
gobbo,AD
goccia,AU
godere,FO
gola,AU
goloso,AD
gomito,AU
gomitolo,AD
gomma,AU
gonfiare,AU
gonfio,AU
gonna,AU
gorgonzola,AD
gorilla,AD
gossip,AU
governare,AU
governatore,AU
governo,FO
gradino,AU
gradire,AU
grado,FO
graffiare,AD
graffio,AD
grafico,AU
grammatica,AU
grammo,AU
grana,AD
granaio,AD
granchio,AD
grande,FO
grandezza,AU
grandine,AD
grandioso,AU
grano,AU
granturco,AD
grappa,AD
grasso,FO
gratis,AU
grattare,AU
grattugiato,AD
gratuito,AU
grave,FO
gravidanza,AU
gravità,AU
grazie,FO
grazioso,AD
greco,FO
grembiule,AD
gridare,FO
grido,AU
grigio,FO
griglia,AD
grinza,AD
grissino,AD
grossista,AD
grosso,FO
grotta,AU
gru,AD
gruppo,FO
guadagnare,FO
guadagno,AU
guaio,AU
guaire,AD
guancia,AU
guanciale,AD
guanto,AU
guardare,FO
guardaroba,AD
guardia,FO
guarire,AU
guarnizione,AD
guasto,AD
guerra,FO
guerriero,AU
gufo,AD
guida,FO
guidare,FO
guidatore,AD
guinzaglio,AD
gustare,AU
gusto,FO
gustoso,AD
hamburger,AD
hobby,AU
home,AU
hotel,AU
hyperlink,AU
i,AU
icona,AU
ics,AD
idea,FO
ideale,FO
ideare,AU
identico,AU
identificare,FO
identificazione,AU
identità,FO
ideologia,AU
ideologico,AU
idiota,FO
idraulico,AU
idrico,AU
idrogeno,AU
ieri,FO
igiene,AD
ignorante,AU
ignoranza,AU
ignorare,FO
ignoto,AU
il,FO
illecito,AU
illegale,AU
illegittimo,AD
illudere,AU
illuminare,AU
illuminato,AU
illusione,AU
illustrare,AU
illustre,AU
imballare,AD
imbarazzante,AU
imbarazzato,AU
imbarazzo,AU
imbattersi,AU
imbecille,AU
imbiancare,AD
imbianchino,AD
imbottigliare,AD
imbrogliare,AD
imbroglio,AD
imbuto,AD
imitare,AU
immaginare,FO
immaginario,AU
immaginazione,AU
immagine,FO
immaturo,AD
immediatamente,FO
immediato,AU
immenso,AU
immergere,AU
immigrato,AU
immobile,FO
immobiliare,AU
immondizia,AD
impallidire,AD
imparare,FO
impastare,AD
impatto,AU
impaziente,AD
impazzire,AU
impedire,FO
impegnare,FO
impegnativo,AU
impegnato,AD
impegno,FO
imperare,AU
imperatore,AU
imperiale,AU
impermeabile,AD
impero,AU
impianto,FO
impiegare,FO
impiegato,AU
impiego,AU
implicare,AU
imporre,FO
importante,FO
importanza,FO
importare,FO
importo,AU
impossibile,FO
impostare,AU
impostazione,AU
impreciso,AD
imprenditore,AU
impresa,FO
impressionante,AU
impressionare,AU
impressione,FO
imprevisto,AU
imprigionare,AD
improbabile,AU
impronta,AU
improvvisamente,AU
improvvisare,AU
improvviso,FO
imprudente,AD
impulsivo,AD
impulso,AU
imputata,AU
imputato,FO
in,FO
inaspettato,AU
inaugurare,AU
incamminare,AD
incantare,AD
incapace,AU
incapacità,AU
incaricare,AU
incarico,AU
incartare,AD
incassare,AU
incasso,AD
incastrare,AU
incatenare,AD
incazzarsi,AU
incendio,AU
incertezza,AU
incerto,AU
inchiesta,AU
inchiodare,AD
incidente,FO
incidere,AU
incinta,AU
incitare,AD
incivile,AD
includere,AU
incluso,AU
incollare,AU
incominciare,AU
incompleto,AD
incomprensibile,AU
inconsolabile,AD
incontentabile,AD
incontrare,FO
incontro,FO
incoraggiare,AU
incoronare,AD
incorreggibile,AD
incredibile,FO
incremento,AU
incrinare,AD
incrociare,AU
incrocio,AD
incubo,AU
incurabile,AD
incuriosire,AU
indagare,AU
indagine,FO
indescrivibile,AD
indiano,AU
indicare,FO
indicazione,FO
indice,FO
indietreggiare,AD
indietro,FO
indifeso,AD
indifferente,AU
indifferenza,AU
indigestione,AD
indimenticabile,AD
indipendente,AU
indipendentemente,AU
indipendenza,AU
indiretto,AU
indirizzare,AU
indirizzo,FO
indisciplinato,AD
indispensabile,AU
individuale,AU
individuare,FO
individuo,FO
indizio,AU
indossare,FO
indovinare,AU
indovinello,AD
indubbiamente,AU
indumento,AD
indurre,AU
industria,FO
industriale,FO
inedito,AU
inefficace,AD
inerte,AD
inesistente,AU
inesperienza,AD
inesperto,AD
inevitabile,AU
inevitabilmente,AU
infame,AD
infantile,AU
infanzia,AU
infarto,AU
infatti,FO
infedele,AD
infelice,AU
inferiore,FO
infermiera,AU
infermiere,AD
inferno,AU
infezione,AU
infilare,FO
infine,FO
infinito,FO
influenza,AU
influenzare,AU
informare,FO
informatica,AU
informatico,AU
informativo,AU
informazione,FO
infradito,AD
infrastruttura,AU
infuriare,AU
infuso,AD
ingannare,AU
inganno,AU
ingegnere,AU
ingegneria,AU
ingelosire,AD
ingenuo,AU
ingessare,AD
ingiusto,AU
inglese,FO
ingoiare,AU
ingorgo,AD
ingrandire,AD
ingrassare,AU
ingrediente,AU
ingresso,FO
iniezione,AD
iniziale,FO
inizialmente,AU
iniziare,FO
iniziativa,FO
inizio,FO
innamorarsi,FO
innamorato,AU
innanzitutto,AU
innervosire,AD
innocente,AU
innocuo,AU
innovativo,AU
innovazione,AU
inoltre,FO
inquadrare,AU
inquietante,AU
inquinamento,AU
inquinare,AD
inquinato,AD
insalata,AU
insegna,AU
insegnamento,AU
insegnante,FO
insegnare,FO
inseguire,AU
inseparabile,AD
inserimento,AU
inserire,FO
insetticida,AD
insetto,AU
insieme,FO
insinuare,AU
insistere,FO
insoddisfatto,AD
insolito,AU
insomma,FO
insopportabile,AU
insospettire,AD
installare,AU
insuccesso,AD
insultare,AU
insulto,AU
intanto,FO
intasare,AD
intatto,AU
integrale,AU
integrare,AU
integrazione,AU
intellettuale,AU
intelligente,FO
intelligenza,AU
intendere,FO
intensità,AU
intenso,FO
intento,AU
intenzione,FO
interagire,AU
interamente,AU
interazione,AU
intercettare,AU
intercettazione,AU
interessante,FO
interessare,FO
interessato,AU
interesse,FO
interiore,AU
interlocutore,AU
internazionale,FO
internet,FO
interno,FO
intero,FO
interpretare,FO
interpretazione,AU
interprete,AU
interrogare,AU
interrogativo,AU
interrogatorio,AU
interrogazione,AD
interrompere,FO
interruttore,AD
interruzione,AU
intervallo,AU
intervenire,FO
intervento,FO
intervista,FO
intesa,AU
intestare,AU
intestino,AD
intimidire,AD
intimità,AU
intimo,AU
intitolare,AU
intonaco,AD
intorno,FO
intraprendere,AU
intravedere,AU
intrecciare,AU
introdurre,FO
introduzione,AU
intuire,AU
intuizione,AU
inutile,FO
invadente,AD
invadere,AU
invasione,AU
invecchiare,AU
invece,FO
inventare,FO
invenzione,AU
invernale,AU
inverno,FO
investimento,AU
investire,FO
inviare,FO
inviato,AU
invidiare,AU
invidioso,AD
invincibile,AD
invisibile,AU
invitare,FO
invitato,AU
invito,AU
invocare,AU
inzuppare,AD
io,FO
ionico,AD
ipotesi,FO
ipotizzare,AU
ippopotamo,AD
ipsilon,AD
ira,AU
irlandese,AU
ironia,AU
ironico,AU
irriconoscibile,AD
irritare,AU
iscritto,AU
iscrivere,FO
iscrizione,AU
islamico,AU
islandese,AD
isola,FO
isolare,AU
isolato,AU
ispettore,AU
ispirare,FO
ispirazione,AU
israeliano,AD
istante,FO
istanza,AU
istintivo,AD
istinto,AU
istituto,FO
istituzionale,AU
istituzione,FO
istruttivo,AD
istruttore,AD
istruzione,FO
italiano,FO
iugoslavo,AD
jeans,AU
karatè,AD
ketchup,AD
killer,AU
kit,AD
kiwi,AD
la,FO
labbro,FO
labirinto,AD
laboratorio,FO
laborioso,AD
lacca,AD
laccio,AD
lacrima,FO
laddove,AU
ladro,AU
laggiù,AU
lago,FO
laico,AU
lama,AU
lamentare,FO
lamentela,AD
lametta,AD
lamiera,AD
lampada,AU
lampadario,AD
lampo,AU
lana,AU
lancetta,AD
lanciare,FO
lancio,AU
lanterna,AD
lapis,AD
lardo,AD
larghezza,AD
largo,FO
lasagna,AD
lasciare,FO
lassù,AU
lastra,AU
laterale,AU
latino,AU
lato,FO
latta,AD
lattante,AD
latte,FO
latteria,AD
lattina,AD
lattuga,AD
laurea,AU
laureare,AU
laureato,AU
lava,AD
lavabo,AD
lavagna,AD
lavanda,AD
lavanderia,AD
lavandino,AD
lavapiatti,AD
lavare,FO
lavastoviglie,AD
lavatrice,AU
lavello,AD
lavorare,FO
lavorativo,AU
lavoratore,FO
lavorazione,AU
lavoro,FO
laziale,AD
le,FO
leader,AU
lealtà,AD
lebbra,AD
leccare,AU
leccio,AD
lecito,AU
lega,AU
legale,FO
legame,AU
legare,FO
legato,FO
legge,FO
leggenda,AU
leggere,FO
leggermente,AU
leggero,FO
legislativo,AU
legittimo,AU
legna,AD
legno,FO
legume,AD
lei,FO
lentamente,FO
lente,AD
lenticchia,AD
lentiggine,AD
lento,FO
lenza,AD
lenzuolo,AU
leone,AU
leonessa,AD
leopardo,AD
lepre,AD
lesione,AU
lessare,AD
lessema,AU
lettera,FO
letterale,AD
letteralmente,AU
letterario,AU
letteratura,FO
letto,FO
lettone,AD
lettore,FO
lettura,FO
leva,AU
levare,FO
lezione,FO
li,FO
libanese,AU
liberale,AU
liberamente,AU
liberare,FO
liberazione,AU
libero,FO
libertà,FO
libico,AD
libraio,AD
libreria,AU
libretto,AU
libro,FO
licenza,AU
licenziamento,AD
licenziare,AU
liceo,AU
lido,AD
lieto,AU
lieve,AU
lievito,AD
ligure,AD
lima,AD
limare,AD
limitare,FO
limitato,AU
limite,FO
limonata,AD
limone,AU
linea,FO
lineare,AU
linfa,AU
lingerie,AD
lingua,FO
linguaggio,FO
linguistica,AU
linguistico,AU
link,AU
liquido,FO
liquore,AD
lira,FO
lirico,AU
lisbonese,AD
liscio,AU
lista,FO
lite,AU
litigare,FO
litigio,AU
litro,AU
lituano,AD
live,AU
livello,FO
lo,FO
locale,FO
località,AU
locanda,AD
locazione,AU
locomotiva,AD
logica,AU
logico,AU
logoro,AD
lombardo,AU
londinese,AD
lontananza,AU
lontano,FO
lonza,AD
look,AU
loro,FO
lotta,FO
lottare,AU
lozione,AD
lucano,AD
luccicare,AD
lucciola,AD
luce,FO
lucente,AD
lucertola,AD
lucidare,AD
lucido,AU
luglio,FO
lui,FO
lumaca,AD
luminoso,AU
luna,FO
lunedì,FO
lunghezza,AU
lungo,FO
luogo,FO
lupo,FO
lussemburghese,AD
lusso,AU
lutto,AU
là,FO
lì,FO
ma,FO
maccherone,AD
macchia,FO
macchina,FO
macchinista,AD
macedone,AD
macedonia,AD
maceria,AU
macinare,AD
madonna,AU
madre,FO
madrileno,AD
madrina,AD
maestra,AU
maestranza,AD
maestro,FO
mafia,AU
mafioso,AU
magari,FO
magazzino,AU
maggio,FO
maggioranza,FO
maggiorenne,AD
maggiormente,AU
magia,AU
magico,FO
magistrato,AU
magistratura,AU
maglia,FO
maglietta,AU
magnetico,AU
magnifico,AU
mago,AU
magro,AU
mah,AU
mai,FO
maiale,AU
maionese,AD
mais,AD
maiuscola,AD
malato,FO
malattia,FO
malaugurio,AD
malavita,AD
male,FO
maledetto,AU
maledizione,AU
maleducato,AD
maleducazione,AD
malgrado,AU
malinconia,AU
malinteso,AD
malizia,AD
maltempo,AD
maltese,AD
maltrattamento,AD
maltrattare,AD
malva,AD
malvagio,AU
mamma,FO
mammella,AD
mammifero,AD
manager,AU
mancanza,FO
mancare,FO
mancato,AU
mancino,AD
manco,AU
mandare,FO
mandarino,AD
mandato,AU
mandorla,AD
mandorlo,AD
manganello,AD
mangiare,FO
mangime,AD
mania,AU
maniaco,AD
manica,AU
manico,AU
maniera,FO
manifestare,FO
manifestazione,FO
manifesto,AU
mano,FO
manodopera,AD
manoscritto,AU
manovale,AD
manovra,AU
mantello,AU
mantenere,FO
manuale,AU
manutenzione,AU
manzo,AD
mappa,AU
marca,AU
marcare,AU
marchigiano,AD
marchio,AU
marcia,AU
marciapiede,AU
marcio,AU
marcire,AD
marco,FO
mare,FO
marea,AU
maresciallo,AU
margherita,AD
marginale,AU
margine,AU
marinaio,AU
marino,AU
marionetta,AD
marito,FO
marketing,AU
marmellata,AD
marmo,AU
marocchino,AD
marrone,AU
martedì,AU
marzo,FO
mascarpone,AD
maschera,AU
mascherare,AU
mascherato,AD
maschile,FO
maschio,FO
massa,FO
massacrare,AU
massacro,AD
massaggio,AD
massaia,AD
massiccio,AU
massimo,FO
master,AU
masticare,AU
masturbare,AU
matematica,AU
matematico,AU
materasso,AU
materia,FO
materiale,FO
maternità,AU
materno,AU
matita,AU
matricola,AU
matrimoniale,AU
matrimonio,FO
mattina,FO
mattinata,AU
mattino,FO
matto,FO
mattone,AU
maturare,AU
maturità,AU
maturo,AU
mazzo,AU
me,FO
meccanico,FO
meccanismo,FO
medaglia,AU
medesimo,AU
media,FO
mediante,AU
medicare,AD
medicina,FO
medico,FO
medievale,AU
medio,FO
medioevo,AU
meditare,AU
mediterraneo,AU
meglio,FO
mela,AU
melagrana,AD
melanzana,AD
melo,AD
melograno,AD
melone,AD
membrana,AU
membro,FO
memoria,FO
menare,AU
mendicante,AD
meno,FO
mensa,AU
mensile,AU
mensola,AD
menta,AD
mentale,FO
mentalità,AU
mente,FO
mentire,FO
mento,AU
mentre,FO
menu,AU
menzogna,AU
meraviglia,AU
meravigliare,AU
meraviglioso,FO
mercante,AU
mercato,FO
merce,AU
merceria,AD
mercoledì,AU
merda,FO
merenda,AD
merendina,AD
meridiano,AD
meridionale,FO
meridione,AD
meritare,FO
merito,FO
merlo,AD
merluzzo,AD
mero,AU
mescolare,AU
mese,FO
messa,AU
messaggio,FO
messe,AD
messicano,AD
mestiere,FO
mestolo,AD
mestruazione,AD
meta,AU
metafora,AU
metallico,AU
metallo,AU
metalmeccanico,AD
meteo,AU
metodo,FO
metro,FO
metropolitano,AU
mettere,FO
metà,FO
mezzanotte,AU
mezzo,FO
mezzogiorno,AU
mi,FO
miagolare,AD
mica,FO
micio,AD
microfono,AU
miele,AU
mietere,AD
migliaio,FO
miglioramento,AU
migliorare,FO
migliore,FO
mignolo,AD
mila,FO
milanese,AU
miliardo,FO
milione,FO
militare,FO
mille,FO
millennio,AU
millimetro,AU
mimosa,AD
minaccia,AU
minacciare,FO
minchia,AU
minestra,AD
minestrone,AD
mini,AD
miniera,AU
minigonna,AD
minimo,FO
ministero,FO
ministro,FO
minoranza,AU
minore,FO
minuscolo,AU
minuto,FO
mio,FO
miracolo,FO
mirare,AU
mischiare,AU
miscuglio,AD
miseria,AU
misero,AU
missile,AD
missione,FO
mister,AD
misterioso,AU
mistero,FO
misto,AU
misura,FO
misurare,AU
misurazione,AD
mitico,AU
mito,AU
mitragliatrice,AD
mobile,FO
mobilio,AD
mocassino,AD
moda,FO
modalità,AU
modella,AU
modellare,AD
modello,FO
moderato,AU
moderatore,AU
modernità,AU
moderno,FO
modestia,AD
modesto,AU
modifica,AU
modificare,FO
modificazione,AU
modo,FO
modulo,AU
moglie,FO
molecola,AU
molisano,AD
molla,AD
mollare,AU
mollusco,AD
molo,AD
moltiplicare,AU
molto,FO
momento,FO
monaca,AD
monaco,AD
monarchica,AD
mondiale,FO
mondo,FO
monello,AD
moneta,FO
monetario,AU
monitor,AU
monologo,AU
montaggio,AU
montagna,FO
montare,AU
monte,FO
montenegrino,AD
monumento,AU
mora,AU
morale,FO
morbido,AU
mordere,AU
morire,FO
moro,AU
morsicare,AD
morso,AD
mortadella,AD
mortale,AU
morte,FO
morto,FO
mosca,AU
moscovita,AD
mossa,AU
mostarda,AD
mostra,FO
mostrare,FO
mostro,AU
motel,AD
motivare,AU
motivazione,AU
motivo,FO
moto,FO
motociclismo,AD
motociclista,AD
motore,FO
motorino,AU
motoscafo,AD
mousse,AD
movimento,FO
mozzarella,AD
mucca,AU
mucchio,AU
muggire,AD
muggito,AD
mugnaio,AD
mugolare,AD
mulino,AD
multa,AU
multare,AD
multinazionale,AU
multiplo,AU
multipresa,AD
mummia,AD
mungere,AD
municipio,AD
muovere,FO
murare,AD
muratore,AD
muro,FO
muschio,AD
muscolare,AU
muscolo,FO
museo,FO
musica,FO
musicale,FO
musicista,AU
muso,AU
musulmano,AU
muta,AD
mutamento,AU
mutanda,AU
mutandina,AD
mutare,AU
mutazione,AU
mutilato,AD
muto,AU
mutuo,AU
nanna,AD
nano,AU
napoletano,AU
narrare,AU
narrativo,AU
narratore,AU
narrazione,AU
nasale,AU
nascere,FO
nascita,FO
nascondere,FO
nascondiglio,AD
nascondino,AD
nascosto,FO
naso,FO
nastro,FO
natale,FO
natalizio,AU
nato,AU
natura,FO
naturale,FO
naturalmente,FO
naufragio,AD
navale,AD
nave,FO
navicella,AD
navigare,AU
navigazione,AU
nazionale,FO
nazionalità,AD
nazione,FO
nazista,AU
ndrangheta,AD
ne,FO
neanche,FO
nebbia,AU
necessariamente,AU
necessario,FO
necessitare,AU
necessità,FO
negare,FO
negativo,FO
negazione,AD
negoziante,AD
negozio,FO
negro,AU
nemico,FO
nemmeno,FO
neo,AD
neonato,AU
neppure,FO
nero,FO
nervo,AU
nervosismo,AD
nervoso,FO
nessuno,FO
nettare,AD
netto,AU
network,AU
neutro,AU
neve,FO
nevicare,AD
news,AU
newyorkese,AD
nido,AU
niente,FO
nipote,FO
no,FO
nobile,AU
nocciola,AD
nocciolina,AD
nocivo,AD
nodo,AU
noi,FO
noia,AU
noioso,AU
noleggiare,AD
nome,FO
nomina,AU
nominare,FO
non,FO
nonché,AU
nonna,FO
nonno,FO
nono,AU
nonostante,FO
nord,FO
nordamericano,AD
norma,FO
normale,FO
normalità,AU
normalmente,AU
normativa,AU
norvegese,AD
nostalgia,AU
nostro,FO
nota,FO
notaio,AU
notare,FO
notevole,AU
notizia,FO
noto,FO
notte,FO
notturno,AU
novanta,AU
nove,FO
novella,AD
novembre,FO
novità,FO
nozione,AU
nozze,AU
nube,AU
nucleare,FO
nucleo,AU
nudo,FO
nulla,FO
numerare,AU
numerazione,AD
numero,FO
numeroso,FO
nuora,AD
nuotare,AU
nuoto,AU
nuovamente,AU
nuovo,FO
nutrire,AU
nuvola,AU
nuvoloso,AD
nylon,AD
né,FO
o,FO
obbedire,AU
obbiettivo,AD
obbligare,FO
obbligatorio,AU
obbligazione,AU
obbligo,AU
obiettivo,FO
obiezione,AU
oblò,AD
occasione,FO
occhiaia,AD
occhiale,FO
occhiata,AU
occhiello,AD
occhio,FO
occidentale,FO
occidente,AU
occorrere,FO
occupare,FO
occupato,AD
occupazione,AU
oceano,AU
oculista,AD
oddio,AU
odiare,FO
odio,AU
odorare,AD
odore,FO
offendere,AU
offerta,FO
offesa,AU
offeso,AD
officina,AU
offline,AU
offrire,FO
oggettivo,AU
oggetto,FO
oggi,FO
ogni,FO
ognuno,FO
ok,FO
okay,FO
olandese,AU
oliare,AD
oliera,AD
olimpico,AU
olio,FO
oliva,AU
oltre,FO
oltrepassare,AD
oltretutto,AU
omaggio,AU
ombelico,AD
ombra,FO
ombrellone,AD
omicidio,FO
omogeneizzato,AD
omonimo,AU
onda,FO
ondata,AU
ondeggiare,AD
onere,AU
onestamente,AU
onesto,AU
online,AU
onorare,AU
onore,FO
opera,FO
operaio,FO
operare,FO
operativo,AU
operatore,AU
operazione,FO
opinione,FO
opporre,FO
opportunità,AU
opportuno,AU
opposizione,AU
opposto,FO
oppressivo,AD
oppresso,AD
oppressore,AD
oppure,FO
opzione,AU
ora,FO
orale,AU
oramai,AU
orario,FO
orbita,AU
orchestra,AU
orco,AU
ordinamento,AU
ordinanza,AU
ordinare,FO
ordinario,AU
ordine,FO
orecchino,AD
orecchio,FO
orefice,AD
organico,AU
organismo,FO
organizzare,FO
organizzato,AU
organizzazione,FO
organo,FO
orgasmo,AU
orgoglio,AU
orgoglioso,AU
orientale,AU
orientamento,AU
orientare,AU
oriente,AU
origano,AD
originale,FO
originario,AU
origine,FO
orizzontale,AU
orizzonte,AU
orlo,AU
orma,AD
ormai,FO
ormone,AU
oro,FO
orologiaio,AD
orologio,FO
oroscopo,AU
orribile,AU
orrore,AU
orso,AU
ortaggio,AD
ortensia,AD
ortica,AD
orto,AU
ortolano,AD
orzo,AD
osare,AU
osceno,AD
oscillare,AU
oscurare,AU
oscuro,AU
ospedale,FO
ospitalità,AD
ospitare,FO
ospite,FO
ospizio,AD
osservare,FO
osservazione,AU
ossessione,AU
ossia,AU
ossigeno,AU
osso,FO
ostacolare,AU
ostacolo,AU
ostaggio,AD
oste,AD
ostile,AU
ostinato,AD
ostrica,AD
ottanta,AU
ottavo,AU
ottenere,FO
ottica,AU
ottimo,FO
otto,FO
ottobre,FO
ottone,AD
ovale,AD
ovatta,AD
ove,AU
ovest,AU
ovile,AD
ovino,AD
ovunque,FO
ovvero,FO
ovviamente,FO
ovviare,AU
ovvio,AU
ozono,AD
pacchetto,AU
pacco,AU
pace,FO
padella,AD
padre,FO
padrona,AU
padronato,AD
padrone,FO
padroneggiare,AD
paesaggio,AU
paese,FO
paga,AU
pagamento,FO
pagare,FO
pagella,AD
pagina,FO
paglia,AU
pagliaio,AD
pago,AU
paio,FO
pala,AU
palato,AD
palazzina,AD
palazzo,FO
palco,AU
palcoscenico,AU
palermitano,AD
palestinese,AD
palestra,AU
paletta,AD
palla,FO
pallacanestro,AD
pallanuoto,AD
pallavolo,AD
pallido,AU
pallina,AU
pallino,AD
palloncino,AD
pallone,AU
pallottola,AD
pallottoliere,AD
palma,AD
palo,AU
palombaro,AD
palpebra,AD
palude,AD
panca,AD
pancarrè,AD
pancetta,AD
panchina,AU
pancia,AU
panciotto,AD
panda,AD
pandoro,AD
pane,FO
panetteria,AD
panettiere,AD
panettone,AD
panico,AU
paniere,AD
panino,AU
panna,AU
pannello,AU
panno,AU
pannocchia,AD
pannolino,AD
pannolone,AD
panorama,AU
pantalone,FO
pantera,AD
pantofola,AD
panzerotto,AD
papa,FO
papavero,AD
papera,AD
papero,AD
pappa,AD
pappagallo,AD
papà,FO
parabola,AD
parabrezza,AD
paracadute,AD
paracadutista,AD
paradiso,AU
paradosso,AU
parafulmine,AD
paragonare,AU
paragone,AU
paralisi,AD
paralizzato,AD
parallelepipedo,AD
parallelo,AU
paralume,AD
parametro,AU
paraocchi,AD
parare,AU
paraurti,AD
paravento,AD
parcheggiare,AU
parcheggio,AU
parco,FO
parecchio,FO
pareggiare,AD
pareggio,AD
parente,FO
parentesi,AU
parere,FO
parete,FO
pari,FO
parigino,AD
parità,AD
parlamentare,AU
parlamento,AU
parlare,FO
parmigiano,AD
parola,FO
parquet,AD
parroco,AD
parrucca,AD
parrucchiere,AD
parte,FO
partecipante,AU
partecipare,FO
partecipazione,AU
parteggiare,AD
partenza,FO
particella,AU
particolare,FO
particolarmente,FO
partigiano,AU
partire,FO
partita,FO
partito,FO
partner,AU
parto,AU
partorire,AU
party,AU
parziale,AU
parzialmente,AU
pascolare,AD
pasqua,AD
pasquale,AU
passaggio,FO
passare,FO
passata,AD
passatempo,AD
passato,FO
passeggero,AU
passeggiare,AU
passeggiata,AU
passeggio,AD
passero,AD
passione,FO
passivo,AU
passo,FO
pasta,FO
pasticca,AD
pasticcere,AD
pasticceria,AD
pasticcino,AD
pasticcio,AD
pastiglia,AD
pastina,AD
pasto,AU
pastore,AU
patata,AU
patatina,AD
patente,AU
patetico,AU
patologia,AU
patria,AU
patrimonio,AU
pattinaggio,AD
pattinare,AD
pattino,AD
patto,AU
pattumiera,AD
patè,AD
paura,FO
pauroso,AD
pausa,FO
pavimento,AU
pavone,AD
paziente,FO
pazienza,FO
pazza,AD
pazzesco,AU
pazzo,FO
peccato,AU
peccatore,AD
pechinese,AD
pecora,AU
pecorino,AD
pedalare,AD
pedale,AD
pedone,AD
peggio,FO
peggioramento,AD
peggiorare,AU
peggiore,AU
pelato,AD
pelle,FO
pellegrino,AD
pellerossa,AD
pelletteria,AD
pellicola,AU
pelo,AU
peloso,AD
peluche,AD
pena,FO
penale,AU
pendere,AU
pendolo,AD
pene,AU
penetrare,AU
penisola,AD
penna,AU
pennarello,AD
pensare,FO
pensiero,FO
pensionato,AD
pensione,FO
pentagono,AD
pentirsi,AU
pentola,AU
penultimo,AD
pepe,AD
peperoncino,AD
peperone,AD
per,FO
pera,AD
peraltro,AU
percentuale,AU
percepire,FO
percezione,AU
perché,FO
perciò,FO
percorrere,AU
percorso,FO
perdere,FO
perdita,FO
perdonare,FO
perdono,AU
perduto,AU
perfettamente,FO
perfetto,FO
perfezione,AU
perfino,FO
pergola,AD
pergolato,AD
pericolo,FO
pericoloso,FO
periferia,AU
periodico,AU
periodo,FO
perito,AU
perla,AU
permaloso,AD
permanente,AU
permesso,AU
permettere,FO
pero,AD
perpendicolare,AD
perplesso,AU
perquisizione,AU
perseguire,AU
persiana,AD
persiano,AU
persino,FO
perso,AU
persona,FO
personaggio,FO
personale,FO
personalità,AU
personalmente,FO
pertanto,AU
perugino,AD
peruviano,AD
pervenire,AU
però,FO
pesante,FO
pesare,AU
pesca,AU
pescare,AU
pescatore,AU
pesce,FO
peschereccio,AD
pescheria,AD
pesco,AD
peso,FO
pessimo,AU
pestare,AD
peste,AD
pesto,AD
petalo,AD
petardo,AD
petroliera,AD
petrolio,AU
pettegolezzo,AD
pettegolo,AD
pettinare,AD
pettinatura,AD
pettine,AD
pettirosso,AD
petto,FO
pezza,AD
pezzetto,AU
pezzo,FO
pezzuola,AD
pi,AD
piacere,FO
piacevole,AU
piadina,AD
piaga,AD
pialla,AD
piallare,AD
pianeggiante,AD
pianerottolo,AU
pianeta,FO
piangere,FO
piano,FO
pianoforte,AU
pianoterra,AD
pianta,FO
piantare,AU
pianto,AU
pianura,AU
piastra,AD
piattaforma,AU
piatto,FO
piazza,FO
piazzale,AU
piazzare,AU
piccante,AD
picchiare,AU
piccino,AD
piccione,AD
picco,AU
piccolo,FO
piccone,AD
picnic,AD
pidocchio,AD
piede,FO
piega,AU
piegare,AU
pieghevole,AD
piemontese,AU
piena,AD
pienamente,AU
pieno,FO
pietra,FO
pietà,AU
pigiama,AD
pigione,AD
pigliare,AU
pigna,AD
pigrizia,AD
pigro,AD
pila,AU
pillola,AU
pilota,AU
pineta,AD
ping-pong,AD
pinguino,AD
pinna,AD
pinolo,AD
pinza,AD
pinzetta,AD
pioggia,FO
piombo,AU
pioppo,AD
piovere,AU
piovoso,AD
pipistrello,AD
pipì,AD
pirata,AU
piscina,AU
pisello,AD
pisolino,AD
pista,AU
pistacchio,AD
pistola,FO
pittare,AD
pittore,AU
pittura,AU
pitturare,AD
piuma,AD
piumino,AD
piuttosto,FO
pizza,AU
pizzeria,AD
pizzetta,AD
pizzicare,AD
pizzo,AD
più,FO
plaid,AD
plastica,AU
plastico,AU
platano,AD
platino,AD
plurale,AD
pneumatico,AD
pochino,AU
poco,FO
podere,AD
poema,AU
poesia,FO
poeta,FO
poetico,AU
poggiapiedi,AD
poggiare,AD
poi,FO
poiché,FO
poker,AU
polacco,AU
polemica,AU
polenta,AD
polipo,AD
politica,FO
politico,FO
polizia,FO
poliziotto,FO
pollaio,AD
pollame,AD
pollice,AU
pollo,AD
polmone,AU
polo,AU
polpa,AD
polpastrello,AD
polpetta,AD
polpo,AD
polsino,AD
polso,AU
poltrona,AU
polvere,FO
polverina,AD
polveroso,AD
pomata,AD
pomello,AD
pomeriggio,FO
pomodoro,AU
pompa,AU
pompelmo,AD
pompiere,AD
ponte,FO
pony,AD
pop,AU
popolare,FO
popolarità,AD
popolazione,FO
popolo,FO
porcellana,AD
porcheria,AD
porco,AU
porgere,AU
porno,AU
porre,FO
porta,FO
portabagagli,AD
portacenere,AD
portachiavi,AD
portacipria,AD
portaerei,AD
portafinestra,AD
portafoglio,AU
portafortuna,AD
portale,AU
portamonete,AD
portaombrelli,AD
portare,FO
portata,AU
portatore,AU
portiere,AU
portineria,AD
porto,FO
portoghese,AU
portone,AU
porzione,AU
posa,AU
posacenere,AD
posare,AU
posata,AD
positivo,FO
posizionare,AU
posizione,FO
possedere,FO
possesso,AU
possibile,FO
possibilità,FO
post,AU
posta,FO
postale,AU
postare,AU
posteggiatore,AD
posteriore,AU
postino,AD
posto,FO
potare,AD
potente,FO
potentino,AD
potenza,AU
potenziale,AU
potere,FO
povero,FO
povertà,AU
pozzanghera,AD
pozzo,AU
praghese,AD
pranzo,FO
prassi,AU
pratica,FO
praticamente,FO
praticare,AU
pratico,FO
prato,AU
precario,AU
precedente,FO
precedentemente,AU
precedenza,AU
precedere,AU
precipitare,AU
precisamente,AU
precisare,FO
precisione,AU
preciso,FO
preda,AU
predisporre,AU
preferenza,AU
preferire,FO
preferito,AU
pregare,FO
preghiera,AU
pregiato,AD
pregio,AU
pregiudizio,AU
prego,FO
prelevare,AU
preliminare,AU
premere,AU
premessa,AU
premiare,AU
premier,AU
premio,FO
prendere,FO
prenotare,AU
prenotazione,AD
preoccupare,FO
preoccupato,AU
preoccupazione,AU
preparare,FO
preparazione,AU
prepotente,AD
presa,FO
prescindere,AU
prescrivere,AU
prescrizione,AU
presentare,FO
presentazione,AU
presente,FO
presenza,FO
presepe,AU
preside,AD
presidente,FO
presidenza,AU
pressione,FO
presso,FO
prestare,FO
prestazione,AU
prestigio,AU
prestigioso,AU
prestito,AU
presto,FO
presumere,AU
presunto,AU
presupposto,AU
prete,FO
pretendere,FO
pretesa,AU
pretesto,AU
prevalentemente,AU
prevalere,AU
prevedere,FO
prevedibile,AU
prevenire,AU
preventivo,AU
prevenzione,AU
previdenza,AD
previsione,AU
previsto,FO
prezioso,FO
prezzemolo,AD
prezzo,FO
prigione,AU
prigioniero,AU
prima,FO
primario,AU
primavera,FO
primizia,AD
primo,FO
primula,AD
principale,FO
principalmente,AU
principe,FO
principessa,AU
principio,FO
priorità,AU
privacy,AU
privare,AU
privato,FO
privilegio,AU
privo,AU
probabile,AU
probabilità,AU
probabilmente,FO
problema,FO
problematico,AU
procedere,FO
procedimento,AU
procedura,FO
processo,FO
proclamare,AU
procura,AU
procurare,AU
procuratore,AU
prodotto,FO
produrre,FO
produttivo,AU
produttore,AU
produzione,FO
professionale,FO
professione,AU
professionista,AU
professore,FO
professoressa,AU
profeta,AU
profilattico,AD
profilo,FO
profitto,AU
profondamente,AU
profondità,AU
profondo,FO
profumare,AU
profumato,AD
profumo,AU
progettare,AU
progettazione,AU
progetto,FO
programma,FO
programmare,AU
programmazione,AU
progressista,AD
progressivo,AU
progresso,AU
proibire,AU
proiettare,AU
proiettile,AU
proiezione,AU
prolunga,AD
promessa,AU
promettere,FO
promozione,AU
promuovere,AU
pronto,FO
pronuncia,AD
pronunciare,FO
propaganda,AU
propagandare,AD
proporre,FO
proporzione,AU
proposito,FO
proposizione,AD
proposta,FO
proprietario,FO
proprietà,FO
proprio,FO
prosa,AU
prosciugare,AD
prosciutto,AU
prosecco,AD
proseguire,FO
prospettiva,AU
prossimo,FO
prostituta,AU
protagonista,FO
proteggere,FO
proteina,AU
protesta,AU
protestare,AU
protetto,AU
protezione,AU
protocollo,AU
prova,FO
provare,FO
provenienza,AU
provenire,FO
provincia,FO
provinciale,AU
provocare,FO
provola,AD
provolone,AD
provvedere,AU
provvedimento,AU
provvisorio,AU
prudere,AD
prugna,AD
prurito,AD
prémaman,AD
pseudonimo,AU
psichiatra,AU
psichiatria,AD
psichico,AU
psicologia,AU
psicologico,AU
psicologo,AU
pub,AU
pubblicare,FO
pubblicazione,AU
pubblicitario,AU
pubblicità,FO
pubblico,FO
pugilato,AD
pugliese,AD
pugno,FO
pulce,AD
pulcino,AD
puledro,AD
pulire,FO
pulito,AU
pulizia,AU
pullman,AU
pullover,AD
pulmino,AD
pulsante,AU
puma,AD
pungere,AD
punire,AU
punizione,AU
punk,AD
punta,FO
puntare,FO
puntata,AU
puntato,AU
punteggio,AD
puntiglio,AD
puntino,AU
punto,FO
puntuale,AU
puntura,AD
pupa,AU
pupazzo,AD
pupo,AD
purché,AU
pure,FO
purga,AD
puro,FO
purtroppo,FO
purè,AD
puttana,AU
puzza,AU
puzzare,AU
puzzle,AD
qua,FO
quaderno,AU
quadrato,AU
quadrifoglio,AD
quadro,FO
quaglia,AD
qualche,FO
qualcosa,FO
qualcuno,FO
quale,FO
qualificare,AU
qualità,FO
qualora,AU
qualsiasi,FO
qualunque,FO
quando,FO
quantitativo,AU
quantità,FO
quanto,FO
quaranta,FO
quarta,AU
quartiere,FO
quarto,FO
quasi,FO
quattordici,AU
quattro,FO
quello,FO
quercia,AD
questione,FO
questo,FO
questura,AU
qui,FO
quindi,FO
quindici,FO
quinta,AU
quinto,AU
quiz,FO
quota,FO
quotidiano,FO
rabbia,FO
racchetta,AD
racchiudere,AU
raccogliere,FO
raccolta,FO
raccomandare,AU
raccomandazione,AD
raccontare,FO
racconto,FO
raddoppiare,AU
raddrizzare,AD
radere,AD
radiazione,AU
radicale,AU
radicchio,AD
radice,FO
radio,FO
rado,AU
raffigurare,AU
raffinato,AU
rafforzamento,AD
rafforzare,AU
raffreddore,AD
ragazza,FO
ragazzino,FO
ragazzo,FO
raggio,FO
raggiungere,FO
ragiona,AU
ragionare,AU
ragione,FO
ragionevole,AU
ragioniere,AU
ragnatela,AD
ragno,AD
ragù,AD
rallegrare,AD
rallentare,AU
rame,AU
rammendo,AD
ramo,AU
rampicante,AD
rana,AD
rancio,AD
rapa,AD
rapidamente,AU
rapido,FO
rapimento,AD
rapina,AU
rapinatore,AD
rapire,AU
rapporto,FO
rappresentante,AU
rappresentanza,AU
rappresentare,FO
rappresentazione,AU
raramente,AU
raro,FO
rasare,AD
rasoio,AD
rassegna,AU
rassegnare,AU
rassegnazione,AD
rasserenare,AD
rassicurare,AU
rastrello,AD
rata,AD
rateale,AD
rattristare,AD
rauco,AD
ravanello,AD
razionale,AU
razza,AU
razzo,AD
re,FO
reagire,FO
reale,FO
realistico,AU
realizzare,FO
realizzazione,AU
realmente,AU
realtà,FO
reato,FO
reazione,FO
recare,FO
recensione,AU
recente,FO
recentemente,AU
recintare,AD
recinto,AD
recipiente,AD
reciproco,AU
recita,AD
recitare,FO
reclame,AD
reclamo,AD
recluta,AD
record,AU
recuperare,FO
recupero,AU
redazione,AU
reddito,AU
redigere,AU
referendum,AU
regalare,FO
regale,AU
regalo,FO
reggere,FO
reggimento,AD
reggiseno,AU
regia,AU
regime,FO
regina,FO
regionale,AU
regione,FO
regista,FO
registrare,FO
registratore,AD
registrazione,FO
registro,AU
regnare,AU
regno,FO
regola,FO
regolamento,AU
regolare,AU
regolarmente,AU
relativamente,AU
relativo,FO
relazione,FO
religione,FO
religioso,FO
remare,AD
remo,AD
remoto,AU
rendere,FO
rene,AU
reparto,AU
repertorio,AU
replica,AU
replicare,AU
repressione,AD
reprimere,AD
repubblica,FO
repubblicano,AU
requisito,AU
resa,AU
residente,AU
residenza,AU
residuo,AU
resistente,AU
resistenza,AU
resistere,FO
resoconto,AD
respingere,AU
respirare,FO
respirazione,AD
respiro,AU
responsabile,FO
responsabili,FO
restare,FO
restituire,AU
resto,FO
restringere,AU
rete,FO
retorica,AU
retro,AU
retta,AU
rettangolare,AD
rettile,AD
retto,AU
revisione,AU
rialzare,AU
riaprire,AU
riassumere,AU
ribadire,AU
ribattere,AU
ribellare,AU
ribelle,AU
ricadere,AU
ricaduta,AD
ricalcare,AD
ricamare,AD
ricambiare,AU
ricambio,AD
ricamo,AD
ricarica,AD
ricavare,AU
ricchezza,AU
riccio,AD
ricciolo,AD
ricco,FO
ricerca,FO
ricercare,AU
ricercatore,AU
ricetta,FO
ricevere,FO
ricevimento,AD
ricevuta,AU
richiamare,FO
richiamo,AU
richiedere,FO
richiesta,FO
richiudere,AU
ricominciare,FO
ricompensa,AD
ricompensare,AD
riconciliarsi,AD
riconoscere,FO
riconoscimento,AU
ricopiare,AD
ricoprire,AU
ricordare,FO
ricordo,FO
ricorrere,AU
ricorso,AU
ricostruire,AU
ricostruzione,AU
ricotta,AD
ricoverare,AU
ricovero,AD
ricreazione,AD
ridare,AU
ridere,FO
ridicolo,AU
ridotto,AU
ridurre,FO
riduzione,AU
riempire,FO
rientrare,FO
rientro,AU
rifare,FO
riferimento,FO
riferire,FO
rifinire,AD
rifiutare,FO
rifiuto,FO
riflessione,FO
riflesso,AU
riflettere,FO
riflettore,AD
riforma,AU
rifornimento,AD
rifugiare,AU
rifugio,AU
riga,FO
rigattiere,AD
rigido,AU
rigore,AU
rigoroso,AU
rigovernare,AD
riguardare,FO
riguardo,FO
rilasciare,AU
rilassare,FO
rilegare,AD
rileggere,AU
rilevante,AU
rilevare,AU
rilievo,AU
rima,AU
rimandare,AU
rimanenza,AD
rimanere,FO
rimbombare,AD
rimborsare,AD
rimediare,AU
rimedio,AU
rimettere,FO
rimodernare,AD
rimorchio,AD
rimpiangere,AU
rimproverare,AU
rimprovero,AD
rimuovere,AU
rinascere,AU
rinascimento,AU
rincarare,AD
rinchiudere,AU
rincorsa,AD
rinforzo,AD
rinfresco,AD
ringhiare,AD
ringhiera,AD
ringhio,AD
ringiovanire,AD
ringraziare,FO
rinnegare,AD
rinnovare,AU
rinoceronte,AD
rintracciare,AU
rinuncia,AD
rinunciare,FO
rinvenire,AU
rinviare,AU
rinvio,AD
rione,AD
riordinare,AD
riparare,AU
riparo,AU
ripartire,AU
ripensamento,AD
ripensare,AU
ripetente,AD
ripetere,FO
ripetizione,AU
ripido,AD
ripiego,AD
ripieno,AD
riportare,FO
riposare,AU
riposo,AU
riprendere,FO
ripresa,AU
riprodurre,AU
riproduzione,FO
riproporre,AU
riprovare,AU
ripulire,AU
risaia,AD
risalire,FO
risarcimento,AU
risata,AU
riscaldamento,AU
riscaldare,AU
riscattare,AD
riscatto,AD
rischiare,FO
rischio,FO
rischioso,AU
risciacquare,AD
riscontrare,AU
riscontro,AU
riscuotere,AU
risentimento,AD
risentire,AU
riserva,AU
riservare,FO
riservato,FO
risiedere,AU
riso,AU
risoluzione,AU
risolvere,FO
risonanza,AU
risorsa,FO
risparmiare,AU
risparmio,AU
rispettare,FO
rispettivamente,AU
rispettivo,AU
rispetto,FO
risplendere,AD
rispondere,FO
risposta,FO
rissa,AU
ristampare,AD
ristorante,FO
ristretto,AU
risultare,FO
risultato,FO
risvegliare,AU
risveglio,AU
ritagliare,AU
ritardare,AU
ritardo,FO
ritenere,FO
ritirare,FO
ritirata,AD
ritiro,AU
ritmo,FO
rito,AU
ritoccare,AD
ritornare,FO
ritornello,AD
ritorno,FO
ritrarre,AU
ritratto,AU
ritrovare,FO
ritrovo,AD
ritto,AD
rituale,AU
riunione,FO
riunire,FO
riunito,AD
riuscire,FO
riuscita,AD
riva,AU
rivale,AU
rivedere,FO
rivelare,FO
rivelazione,AU
rivendicare,AU
rivendita,AD
rivestimento,AD
rivestire,AU
rivincita,AD
rivista,FO
rivisto,AU
rivolgere,FO
rivolta,AU
rivoltare,AD
rivoluzionario,AU
rivoluzione,FO
roba,FO
robot,AU
robusto,AU
rocca,AD
rocchetto,AD
roccia,AU
roccioso,AD
rock,AU
rodaggio,AD
rodere,AD
romagnolo,AD
romano,FO
romantico,AU
romanzo,FO
rombo,AD
romeno,AD
rompere,FO
rondine,AD
ronzare,AD
ronzio,AD
rosa,FO
rosario,AD
rosato,AD
roseo,AD
rosetta,AD
rosmarino,AD
rosolia,AD
rosso,FO
rossore,AD
rosticceria,AD
rotaia,AD
rotella,AD
rotolare,AD
rotondo,AU
rotta,AU
rotto,AU
rottura,AU
roulotte,AD
rovesciare,AU
rovescio,AU
rovina,AU
rovinare,FO
rovo,AD
rozzo,AD
rubare,FO
rubinetto,AD
rubrica,AU
rude,AD
ruga,AD
ruggine,AD
ruggire,AD
ruggito,AD
rullo,AD
rumeno,AD
ruminante,AD
rumore,FO
ruolo,FO
ruota,AU
ruotare,AU
ruscello,AD
ruspa,AD
russare,AD
russo,FO
rustico,AD
ruttare,AD
rutto,AD
sabato,FO
sabbia,AU
sabotare,AD
saccheggiare,AD
sacchetto,AU
sacco,FO
sacerdote,AU
sacrificare,AU
sacrificio,AU
sacro,AU
safari,AD
saga,AU
saggezza,AU
saggio,AU
sagra,AD
sagrestano,AD
sala,FO
salame,AD
salare,AD
salario,AU
salatino,AD
salato,AU
saldatura,AD
sale,AU
salice,AD
saliera,AD
salire,FO
salita,AU
saliva,AD
salmone,AD
salone,AU
salotto,AU
salsa,AU
salsiccia,AD
saltare,FO
saltellare,AD
salto,AU
salume,AD
salutare,FO
salute,FO
saluto,FO
salvadanaio,AD
salvagente,AD
salvare,FO
salvaslip,AD
salvatore,AU
salve,AU
salvezza,AU
salvia,AD
salvietta,AD
salvo,FO
sandalo,AD
sangue,FO
sanguinare,AD
sanguisuga,AD
sanitaria,AD
sanitario,AU
sanità,AU
sano,FO
santo,FO
sanzione,AU
sapere,FO
sapiente,AD
sapone,AU
saponetta,AD
sapore,AU
saporito,AD
sardina,AD
sardo,AU
sarto,AD
sasso,AU
satellite,AU
sazio,AD
sbadato,AD
sbadigliare,AD
sbadiglio,AD
sbagliare,FO
sbagliato,FO
sbaglio,AU
sbarbare,AD
sbarcare,AU
sbarra,AD
sbarramento,AD
sbattere,FO
sberla,AD
sbiadire,AD
sbiancare,AD
sbigottire,AD
sbloccare,AD
sboccare,AD
sbocciare,AD
sbocco,AD
sbornia,AD
sbottonare,AD
sbriciolare,AD
sbrigare,AU
sbronza,AD
sbronzo,AD
sbucciare,AD
sbuffare,AD
scacchiera,AD
scadenza,AU
scadere,AU
scaffale,AU
scafo,AD
scala,FO
scalare,AU
scalata,AD
scaldabagno,AD
scaldare,AU
scalinata,AD
scalino,AD
scalpello,AD
scalzo,AD
scambiare,FO
scambio,FO
scamorza,AD
scampagnata,AD
scampo,AD
scandalizzare,AD
scandalo,AU
scandire,AU
scansare,AD
scapito,AD
scappamento,AD
scappare,FO
scappatoia,AD
scarabocchiare,AD
scarabocchio,AD
scarafaggio,AD
scarcerare,AD
scaricare,FO
scaricatore,AD
scarico,AU
scarlattina,AD
scarpa,FO
scarpiera,AD
scarpone,AD
scarso,AU
scartare,AU
scatenare,AU
scatola,FO
scattare,FO
scatto,AU
scavalcare,AD
scavare,AU
scavo,AD
scegliere,FO
scelta,FO
scemo,AU
scena,FO
scenario,AU
scendere,FO
sceneggiatura,AU
sceriffo,AD
scheda,AU
schedario,AD
scheggia,AD
scheletro,AD
schema,AU
schermo,FO
scherzare,FO
scherzo,AU
scherzoso,AD
schiacciare,AU
schiacciato,AD
schiaffo,AU
schiavo,AU
schiena,FO
schierare,AU
schietto,AD
schifo,FO
schiuma,AD
schizzare,AU
schizzo,AU
sci,AU
scia,AU
sciacquare,AD
scialle,AD
sciame,AD
sciare,AD
sciarpa,AD
sciatore,AD
scientifico,FO
scienza,FO
scienziato,AU
scimmia,AU
scintilla,AU
sciocchezza,AU
sciocco,AU
sciogliere,AU
scioperare,AD
sciopero,AU
scirocco,AD
sciroppo,AD
scivolare,AU
scivolata,AD
scivolo,AD
scocciare,AD
scodella,AD
scodinzolare,AD
scoglio,AD
scoiattolo,AD
scolapiatti,AD
scolaro,AD
scolastico,AU
scolpire,AD
scommessa,AU
scommettere,AU
scomodo,AD
scomparire,FO
scomparsa,AU
scompartimento,AD
sconfiggere,AU
sconfitta,AU
scongelare,AD
sconosciuto,FO
sconsigliare,AD
scontato,AU
scontento,AD
sconto,AU
scontrare,AU
scontro,AU
sconvolgere,AU
scopa,AD
scopare,AU
scoperta,FO
scopo,FO
scoppiare,FO
scoprire,FO
scordare,AU
scorgere,AU
scorpione,AD
scorrere,FO
scorretto,AD
scorso,FO
scorta,AU
scortese,AD
scossa,AD
scout,AD
scozzese,AD
screpolare,AD
scricchiolare,AD
scritta,AU
scritto,AU
scrittore,FO
scrittura,FO
scrivania,AU
scrivere,FO
scrofa,AD
scrupolo,AD
scudetto,AD
scudo,AU
scultore,AD
scultura,AU
scuola,FO
scuotere,AU
scure,AD
scurire,AD
scuro,AU
scusa,FO
scusare,FO
sdebitarsi,AD
sdegnare,AD
sdraiare,AU
sdraiato,AD
se,FO
sebbene,AU
seccare,AU
seccatura,AD
secchio,AU
secchione,AU
secco,FO
secolo,FO
seconda,AU
secondario,AU
secondo,FO
sedano,AD
sede,FO
sedere,FO
sedia,FO
sedici,AU
sedile,AU
sedurre,AU
seduta,AU
seduttore,AD
seggiolino,AD
seggiovia,AD
segheria,AD
segmento,AU
segnalare,FO
segnalazione,AU
segnale,FO
segnare,FO
segno,FO
segretaria,AU
segretario,AU
segreteria,AU
segreto,FO
seguente,FO
seguire,FO
seguito,FO
sei,FO
selezionare,AU
selezione,AU
selva,AD
selvaggina,AD
selvaggio,AU
semaforo,AD
semantico,AU
sembrare,FO
seme,AU
semestre,AD
semifreddo,AD
seminare,AU
semmai,AU
semolino,AD
semplice,FO
semplicemente,FO
semplicità,AU
semplificare,AU
sempre,FO
senape,AD
senato,AU
senatore,AU
sennò,AU
seno,FO
sensazione,FO
sensibile,AU
sensibilità,AU
senso,FO
sensuale,AU
sentenza,FO
sentiero,AU
sentimentale,AU
sentimento,FO
sentire,FO
sentito,AU
senza,FO
separare,FO
separato,AU
separazione,AU
sepolto,AU
seppellire,AU
seppia,AD
sequenza,AU
sequestrare,AU
sequestro,AU
sera,FO
serata,FO
serbo,AD
serenata,AD
serenità,AU
sereno,FO
sergente,AU
seriamente,AU
serie,FO
serietà,AD
serio,FO
serpente,AU
serra,AU
servire,FO
servizio,FO
servo,AU
sessanta,AU
sesso,FO
sessuale,FO
sesto,AU
seta,AU
sete,AU
setta,AU
settanta,AU
sette,FO
settembre,FO
settentrione,AD
settimana,FO
settimanale,AU
settimo,AU
settore,FO
severo,AU
sexy,AU
sezione,FO
sfera,AU
sfida,FO
sfidare,AU
sfiducia,AD
sfigato,AU
sfilare,AU
sfilata,AU
sfinire,AD
sfiorare,AU
sfociare,AD
sfogare,AU
sfoglia,AD
sfogliare,AU
sfogo,AU
sfollamento,AD
sfollare,AD
sfondare,AU
sfondo,AU
sfortunato,AD
sforzare,AU
sforzo,FO
sfrenato,AD
sfruttare,FO
sfuggire,FO
sgabello,AD
sganciare,AD
sgarbato,AD
sgarbo,AD
sgombro,AD
sgomento,AD
sgonfiare,AD
sgozzare,AD
sgrassare,AD
sgrassatore,AD
sgridare,AD
sguardo,FO
shampoo,AD
share,AU
shopping,AU
shorts,AD
show,AU
si,FO
sia,FO
siamese,AD
sicché,AU
siccità,AD
siccome,FO
siciliano,AU
sicuramente,FO
sicurezza,FO
sicuro,FO
siepe,AD
sigaretta,FO
sigaro,AD
sigla,AU
significare,FO
significativo,AU
significato,FO
signora,FO
signore,FO
signorina,FO
silenzio,FO
silenzioso,AU
sillaba,AD
simbolico,AU
simbolo,FO
simile,FO
simpatia,AU
simpatico,FO
simulare,AU
sinceramente,AU
sincero,AU
sindacale,AU
sindacato,AU
sindaco,AU
sindrome,AU
single,AU
singolare,AU
singolo,FO
sinistra,FO
sinistro,FO
sino,FO
sinonimo,AU
sintesi,AU
sintetico,AU
sintetizzare,AU
sintomo,AU
sir,AU
siriano,AD
siringa,AD
sistema,FO
sistemare,FO
sito,FO
situare,AU
situazione,FO
slacciare,AD
slanciato,AD
slavo,AD
slegare,AD
slip,AD
slitta,AD
slogan,AU
slogare,AD
slogatura,AD
slovacco,AD
sloveno,AD
smacchiare,AD
smacchiatore,AD
smaltimento,AU
smalto,AD
smascherare,AD
smentire,AU
smettere,FO
smisurato,AD
smog,AD
smontare,AU
smorfia,AD
smuovere,AD
snack,AD
sneaker,AD
snello,AD
soccorrere,AD
soccorso,AU
socialdemocratico,AD
sociale,FO
socialista,AU
società,FO
socievole,AD
socio,AU
soddisfare,FO
soddisfatto,AU
soddisfazione,FO
sodo,AU
sofferenza,FO
soffermare,AU
soffiare,AU
soffice,AD
soffitta,AD
soffitto,AU
soffocare,AU
soffriggere,AD
soffrire,FO
sofisticato,AU
software,AU
sofà,AD
soggettivo,AU
soggetto,FO
soggezione,AD
soggiorno,FO
soglia,AU
sogliola,AD
sognare,FO
sogno,FO
sol,AD
solaio,AD
solamente,FO
solare,AU
solco,AU
soldato,FO
soldo,FO
sole,FO
solenne,AU
solidarietà,AU
solido,AU
solitamente,AU
solitario,AU
solito,FO
solitudine,AU
solletico,AD
sollevare,FO
sollievo,AU
solo,FO
soltanto,FO
soluzione,FO
somigliare,AU
somma,FO
sommare,AU
sondaggio,FO
sonno,FO
sonoro,AU
soppalco,AD
sopportare,FO
sopra,FO
soprabito,AD
sopracciglio,AD
soprammobile,AD
soprannome,AD
soprattutto,FO
sopravvalutare,AD
sopravvivenza,AU
sopravvivere,FO
sorcio,AD
sordo,AU
sorella,FO
sorgente,AU
sorgere,AU
sorpassare,AD
sorpasso,AD
sorprendente,AU
sorprendere,AU
sorpresa,FO
sorridente,AD
sorridere,FO
sorriso,FO
sorso,AD
sorta,FO
sorte,AU
sorteggiare,AD
sorteggio,AD
sorvegliare,AU
sospendere,AU
sospensione,AU
sospeso,AU
sospettare,AU
sospetto,FO
sospirare,AU
sospiro,AU
sosta,AU
sostanza,FO
sostanzialmente,AU
sostare,AD
sostegno,AU
sostenere,FO
sostenitore,AU
sostituire,FO
sostituzione,AU
sottaceto,AD
sotterraneo,AU
sottile,FO
sottinteso,AD
sotto,FO
sottofondo,AU
sottolineare,FO
sottolio,AD
sottomarino,AD
sottopassaggio,AD
sottoporre,FO
sottoscrivere,AU
sottovalutare,AU
sottrarre,AU
sovietico,AU
sovrano,AU
sovrapporre,AU
spaccare,AU
spaccatura,AD
spacciare,AU
spacciatore,AD
spaccio,AD
spada,AU
spaghetto,AU
spagnolo,FO
spago,AD
spalancare,AU
spalla,FO
spalmabile,AD
spalmare,AD
spam,AU
sparare,FO
sparecchiare,AD
spargere,AU
sparire,FO
sparo,AU
sparso,AU
spassare,AU
spasso,AD
spavaldo,AD
spaventare,FO
spaventato,AU
spaventoso,AU
spaziale,AU
spazio,FO
spazioso,AD
spazzare,AU
spazzatura,AU
spazzino,AD
spazzola,AD
spazzolare,AD
spazzolino,AD
spazzolone,AD
specchiarsi,AD
specchio,FO
speciale,FO
specialista,AU
specializzato,AU
specialmente,AU
specie,FO
specificare,AU
specifico,FO
speck,AD
spedire,AU
spedizione,AU
spegnere,FO
spellare,AD
spendere,FO
spennare,AD
spensierato,AD
spento,AU
speranza,FO
sperare,FO
sperimenale,AU
sperimentare,AU
sperimentazione,AU
sperone,AD
spesa,FO
spesso,FO
spessore,AU
spettacolare,AU
spettacolo,FO
spettare,AU
spettatore,AU
spettinare,AD
spettro,AU
spezia,AD
spezzare,AU
spia,AU
spiacere,AU
spiaggia,FO
spianare,AD
spiare,AU
spiazzo,AD
spiccare,AU
spicciolo,AD
spiedino,AD
spiedo,AD
spiegare,FO
spiegazione,FO
spietato,AU
spiga,AD
spigolo,AD
spillo,AD
spina,AU
spinacio,AD
spingere,FO
spinta,AU
spionaggio,AD
spirito,FO
spiritoso,AD
spirituale,AU
splendente,AD
splendere,AU
splendido,AU
splendore,AU
spogliare,AU
spogliatoio,AD
spoglio,AD
spolverare,AD
sponda,AU
spontaneo,AU
sporcare,AU
sporcizia,AD
sporco,FO
sporgente,AD
sporgere,AU
sport,FO
sportello,AU
sportivo,FO
sposare,FO
sposato,AU
sposo,AU
spostamento,AU
spostare,FO
spot,AU
spranga,AD
spray,AD
sprecare,AU
spreco,AD
spremere,AD
spremuta,AD
sprofondare,AU
sproposito,AD
spruzzare,AD
spuma,AD
spumante,AD
spuntare,AU
spuntino,AD
spunto,AU
sputare,AU
sputo,AD
squadra,FO
squallido,AD
squalo,AD
squarcio,AD
squillare,AU
squisito,AD
stabile,AU
stabilire,FO
stabilità,AU
staccare,FO
stacco,AD
stadio,AU
staffa,AD
stagione,FO
stagno,AD
stalla,AU
stallone,AD
stamattina,AU
stampa,FO
stampare,AU
stampatello,AD
stampato,AU
stampella,AD
stampo,AD
stancare,AU
stanchezza,AU
stanco,FO
standard,AU
stanga,AD
stanotte,AU
stanza,FO
star,AU
stare,FO
stasera,FO
statale,AU
statistica,AU
statistico,AU
stato,FO
statua,AU
statunitense,AU
status,AU
stavolta,AU
stazione,FO
stella,FO
stellare,AU
stendere,AU
stendibiancheria,AD
stereo,AD
sterlina,AU
sterzare,AD
sterzo,AD
stesso,FO
stile,FO
stima,AU
stimare,AU
stimolare,AU
stimolo,AU
stinco,AD
stipendiare,AD
stipendio,FO
stirare,AU
stivaletto,AD
stoffa,AU
stomaco,AU
stonare,AD
stop,AD
stoppa,AD
storcere,AD
storia,FO
storico,FO
stornello,AD
storta,AD
storto,AU
stoviglia,AD
stracchino,AD
straccio,AU
strada,FO
stradale,AU
strage,AU
strangolare,AD
straniero,FO
strano,FO
straordinario,FO
strappare,AU
strategia,FO
strategico,AU
strato,AU
strega,FO
stregare,AU
stregone,AD
stress,AU
stretta,AU
strettamente,AU
stretto,FO
strillare,AU
strillo,AD
stringa,AD
stringere,FO
striscia,AU
strisciare,AU
strofinaccio,AD
stronzata,AU
stronzo,FO
strumento,FO
strutto,AD
struttura,FO
strutturale,AU
struzzo,AD
studente,FO
studiare,FO
studio,FO
studioso,AU
stufa,AD
stuoia,AD
stupefacente,AU
stupendo,AU
stupido,FO
stupire,AU
stupito,AU
stupore,AU
stuzzicadenti,AD
stuzzicare,AD
style,AU
su,FO
subire,FO
subito,FO
succedere,FO
successione,AU
successivamente,AU
successivo,FO
successo,FO
succhiare,AU
succo,AU
sud,FO
sudamericano,AD
sudare,AU
sudato,AD
suddito,AU
suddividere,AU
sudicio,AD
sudore,AU
sudtirolese,AD
sufficiente,FO
suggerimento,AU
suggerire,FO
suggestivo,AU
sughero,AD
sugo,AU
suicidio,AU
suino,AD
suo,FO
suocera,AD
suocero,AD
suola,AD
suolo,AU
suonare,FO
suono,FO
suora,FO
super,AU
superare,FO
superbia,AD
superficiale,AU
superficie,FO
superiore,FO
supermercato,AU
supporre,AU
supportare,AU
supporto,FO
supremo,AU
surgelato,AD
suscitare,AU
susina,AD
susino,AD
susseguirsi,AD
sussurrare,AU
svanire,AU
svedese,AD
sveglia,AD
svegliare,FO
svegliarsi,AD
sveglio,AU
svelare,AU
svelto,AD
svenire,AU
sventola,AD
sviluppare,FO
sviluppato,AU
sviluppo,FO
svizzero,AU
svolazzare,AD
svolgere,FO
svolgimento,AD
svolta,AU
svuotare,AU
sì,FO
t-shirt,AD
tabaccaio,AD
tabella,AU
tacca,AD
tacchino,AD
tacco,AU
tacere,FO
tag,AU
taglia,AU
tagliare,FO
tagliatella,AD
tagliato,AU
tagliere,AD
taglio,FO
tagliola,AD
talco,AD
tale,FO
taleggio,AD
talento,AU
talmente,FO
talpa,AD
talvolta,AU
tamburo,AD
tamponare,AD
tangente,AU
tanto,FO
tappa,AU
tappare,AU
tappetino,AD
tappeto,AU
tappezzare,AD
tappo,AD
tarallo,AD
tarantella,AD
tardi,FO
tardo,FO
targa,AU
tariffa,AU
tarlo,AD
tartaruga,AD
tartufo,AD
tasca,FO
tassa,FO
tassare,AD
tassello,AD
tasso,AU
tastiera,AU
tasto,AU
tatto,AD
tatuaggio,AU
taverna,AD
tavola,FO
tavoletta,AD
tavolino,AU
tavolo,FO
taxi,AU
tazza,AU
te,FO
team,AU
teatrale,AU
teatro,FO
tecnica,FO
tecnicamente,AU
tecnico,FO
tecnologia,FO
tecnologico,AU
tedesco,FO
tegame,AD
teglia,AD
tegola,AD
tela,AU
telaio,AD
telecamera,AU
telecomandato,AD
telecronaca,AD
telecronista,AD
telefilm,AU
telefonare,FO
telefonata,FO
telefonico,FO
telefonino,AU
telefono,FO
telegiornale,AU
telegrafico,AD
telegrafo,AD
telegramma,AD
telescopio,AU
televisione,FO
televisivo,FO
televisore,AU
tema,FO
temere,FO
temperatura,FO
tempesta,AU
tempio,AU
tempo,FO
temporale,AU
temporaneo,AU
tenaglia,AD
tenda,FO
tendenza,FO
tendere,FO
tenebra,AD
tenente,AU
tenere,FO
tenerezza,AU
tenero,AU
tennis,AU
tensione,FO
tentare,FO
tentativo,FO
tentazione,AU
tenuta,AU
teologia,AU
teologo,AU
teoria,FO
teorico,AU
terapia,FO
tergicristallo,AD
terminale,AU
terminare,FO
termine,FO
termosifone,AD
terra,FO
terrazzo,AU
terremoto,AU
terreno,FO
terrestre,AU
terribile,FO
terriccio,AD
territoriale,AU
territorio,FO
terrore,AU
terrorismo,AU
terrorista,AU
terrorizzare,AU
terzo,FO
teschio,AU
tesi,FO
teso,AU
tesoro,FO
tessera,AU
tessile,AD
tessuto,AU
test,FO
testa,FO
testamento,AU
testare,AU
testimone,FO
testimonianza,AU
testimoniare,AU
testo,FO
tetta,AU
tetto,FO
tettoia,AD
tg,AU
thermos,AD
ti,FO
tic,AD
ticchettio,AD
tifare,AU
tifo,AD
tifoso,AU
tigre,AU
timbro,AD
timidezza,AD
timido,AU
timone,AD
timoniere,AD
timore,AU
tinello,AD
tino,AD
tipico,FO
tipo,FO
tipologia,AU
tiramisù,AD
tiranno,AD
tirare,FO
tiro,AU
tirocinio,AU
tirrenico,AD
tisana,AD
titolare,AU
titolo,FO
tivù,FO
tizio,AU
toast,AD
toccare,FO
tocco,AU
togliere,FO
toilette,AD
toletta,AD
tolleranza,AU
tollerare,AU
tomba,AU
tombola,AD
tonaca,AD
tondo,AU
tonnellata,AU
tonno,AD
tono,FO
tonsilla,AD
top,AU
topo,AU
toppa,AD
torbido,AD
torcere,AU
torcia,AD
torcicollo,AD
tordo,AD
torero,AD
torinese,AD
tormentare,AU
tornaconto,AD
tornare,FO
torneo,AU
tornio,AD
toro,AU
torre,AU
torrone,AD
torta,AU
tortellino,AD
torto,AU
tortora,AD
tosare,AD
toscano,AU
tosse,AU
tossico,AU
tossire,AD
tostapane,AD
totale,FO
totalmente,AU
tour,AU
tovaglia,AU
tovaglietta,AD
tovagliolo,AD
tra,FO
traballare,AD
traboccare,AD
trabocchetto,AD
traccia,FO
tracciare,AU
tradimento,AU
tradire,AU
tradizionale,FO
tradizione,FO
tradurre,FO
traduzione,FO
traffico,FO
trafila,AD
traforo,AD
tragedia,AU
traghetto,AD
tragico,AU
trainare,AD
trama,AU
tramezzino,AD
tramite,FO
tramontare,AD
tramonto,AU
trampolino,AD
trancio,AD
tranne,FO
tranquillamente,AU
tranquillità,AU
tranquillizzare,AD
tranquillo,FO
transito,AD
trapano,AD
trapezio,AD
trapianto,AD
trappola,AU
trapunta,AD
trarre,FO
trascinare,FO
trascorrere,FO
trascrizione,AU
trascurare,AU
trasferimento,AU
trasferire,FO
trasformare,FO
trasformazione,AU
trasfusione,AD
traslocare,AD
trasloco,AD
trasmettere,FO
trasmissione,FO
trasparente,AU
trasparenza,AU
trasportare,AU
trasporto,FO
trattamento,FO
trattare,FO
trattativa,AU
trattato,AU
trattenere,FO
trattenuta,AD
tratto,FO
trattore,AD
trauma,AU
travasare,AD
travestire,AD
travolgere,AU
tre,FO
trebbiare,AD
trecento,AU
tredici,AU
tremare,AU
tremendo,AU
trend,AU
treno,FO
trenta,FO
trentino,AD
triangolo,AU
tribunale,FO
tribù,AD
triestino,AD
trifoglio,AD
trina,AD
trincea,AD
trionfo,AU
triste,FO
tristezza,AU
tritare,AD
trofeo,AD
tronco,AU
trono,AU
troppo,FO
trota,AD
trottare,AD
trottola,AD
trovare,FO
truccare,AD
trucco,AU
truffa,AU
truffare,AD
truppa,AU
tu,FO
tubo,AU
tuffare,AU
tuffo,AD
tulipano,AD
tumore,AU
tunica,AD
tunisino,AD
tunnel,AD
tuo,FO
tuono,AD
turbare,AU
turco,AU
turismo,AU
turista,AU
turistico,AU
turno,FO
tuta,AU
tutela,AU
tutelare,AU
tutore,AD
tuttavia,FO
tutto,FO
tuttora,AU
tè,AU
u,AD
ubriaco,AU
uccello,FO
uccidere,FO
ucraino,AD
udienza,AU
udinese,AD
udire,AU
ufficiale,FO
ufficialmente,AU
ufficio,FO
uguale,FO
ugualmente,AU
ulcera,AD
ulteriore,FO
ulteriormente,AU
ultimamente,AU
ultimo,FO
ultravioletto,AD
umanità,FO
umano,FO
umbro,AD
umido,AU
umile,AU
umiliare,AU
umore,AU
umorismo,AD
una,FO
undici,AU
ungherese,AD
unghia,AU
unguento,AD
unico,FO
uniforme,AU
unione,AU
unire,FO
unito,FO
unità,FO
universale,AU
universitario,AU
università,FO
universo,FO
uno,FO
uomo,FO
uovo,FO
uragano,AD
urbanistico,AU
urbano,AU
urgente,AU
urgenza,AU
urlare,FO
urlo,AU
urna,AD
urtare,AU
usare,FO
usato,AU
uscire,FO
uscita,FO
usignolo,AD
uso,FO
utensile,AD
utente,FO
utenza,AU
utile,FO
utilità,AU
utilizzare,FO
utilizzo,AU
vabbè,AU
vacanza,FO
vacca,AU
vaccino,AD
vaffanculo,AU
vagare,AU
vagire,AD
vago,AU
valanga,AD
valdostano,AD
valere,FO
valido,AU
valigia,AU
valle,AU
valore,FO
valorizzare,AU
valoroso,AD
valutare,FO
valutazione,AU
valvola,AD
vampata,AD
vampiro,AU
vandalo,AD
vanga,AD
vangelo,AU
vanitoso,AD
vano,AU
vantaggio,FO
vantaggioso,AD
vantare,AU
vanto,AD
vapore,AU
variabile,AU
variante,AU
variare,AU
variazione,AU
varietà,AU
vario,FO
variopinto,AD
vasca,AU
vaso,AU
vasto,AU
ve,FO
vecchio,FO
vedere,FO
vedova,AU
vegetale,AU
veglia,AD
veglione,AD
veicolo,AU
vela,AU
veleno,AU
velenoso,AD
vellutato,AD
velluto,AD
velo,AU
veloce,FO
velocemente,AU
velocità,FO
vena,AU
vendemmiare,AD
vendere,FO
vendetta,AU
vendicare,AU
vendita,FO
venditore,AU
venerdì,FO
veneto,AU
veneziano,AD
venire,FO
ventaglio,AD
ventata,AD
venti,FO
venticinque,AU
ventilatore,AD
ventina,AU
ventiquattro,AU
vento,FO
ventre,AU
venuta,AD
veramente,FO
verbale,FO
verbo,AU
verde,FO
verdura,AU
vergine,AU
vergogna,AU
vergognarsi,AU
verifica,AU
verificare,FO
verità,FO
verme,AU
vernice,AU
vero,FO
versare,FO
versione,FO
verso,FO
vertebra,AD
verticale,AU
vertice,AU
vertigine,AD
vescovo,AU
vespa,AD
veste,AU
vestire,FO
vestito,FO
veterinario,AD
vetrina,AU
vetro,FO
vettura,AU
vi,FO
via,FO
viaggiare,FO
viaggiatore,AU
viaggiatrice,AD
viaggio,FO
viale,AU
vibrare,AU
vice,AU
vicenda,FO
viceversa,AU
vicinanza,AU
vicino,FO
vicolo,AU
video,FO
videogioco,AU
viennese,AD
vietare,AU
vigile,AU
vigilia,AU
vigna,AD
vigore,AU
villa,FO
villaggio,FO
vincente,AU
vincere,FO
vincitore,AU
vincolo,AU
vino,FO
viola,AU
violare,AU
violazione,AU
violentare,AD
violento,FO
violenza,FO
violetta,AD
violetto,AD
violino,AU
vipera,AD
virgola,AU
virtuale,AU
virtù,AU
virus,AU
visibile,AU
visione,FO
visita,FO
visitare,FO
visitatore,AU
visivo,AU
viso,FO
vissuto,AU
vista,FO
vita,FO
vitale,AU
vitamina,AD
vite,AD
vitello,AD
vittima,FO
vittoria,FO
vivace,AU
vivente,AU
vivere,FO
vivo,FO
viziare,AD
viziato,AD
vizio,AU
vocabolario,AU
vocale,AU
vocazione,AU
voce,FO
vodka,AD
voglia,FO
voi,FO
volantino,AD
volare,FO
volata,AD
volenteroso,AD
volentieri,AU
volere,FO
volgare,AU
volgere,AU
volo,FO
volontariato,AU
volontario,AU
volontà,FO
volta,FO
voltare,FO
volto,FO
volume,FO
vomitare,AU
vomito,AD
vongola,AD
vostro,FO
votare,FO
votazione,AD
voto,FO
vu,AD
vuotare,AD
vuoto,FO
wafer,AD
web,FO
weekend,AU
whisky,AD
wurstel,AD
yogurt,AD
zaino,AU
zampa,AU
zampogna,AD
zanna,AD
zanzara,AD
zattera,AD
zebra,AD
zero,FO
zeta,AD
zia,FO
zingaro,AD
zio,FO
zitella,AD
zitto,FO
zoccolo,AD
zolla,AD
zona,FO
zoo,AD
zoppicare,AD
zoppo,AD
zucca,AU
zucchero,AU
zucchina,AD
zuffa,AD
zuppa,AD